holeId,sampleId,from,to,analyte,value,unit,qualifier,detectionLimit,sourceNumericEncoding,sourceResultText,sampleMethod,labMethod,sourceRow
8440823,120470,148.5,148.6,Ag,0.1,ppm,=,,0.1,0.1,CORE,ARM40M,2
8440823,120470,148.5,148.6,As,,ppm,<,0.5,-0.5,<0.5,CORE,ARM40M,3
8440823,120470,148.5,148.6,Au,2.0,ppb,=,,2.0,2,CORE,ARM40M,4
8440823,120470,148.5,148.6,Ba,22.0,ppm,=,,22.0,22,CORE,ARM40M,5
8440823,120470,148.5,148.6,Bi,,ppm,<,0.1,-0.1,<0.1,CORE,ARM40M,6
8440823,120470,148.5,148.6,Cd,0.5,ppm,=,,0.5,0.5,CORE,ARM40M,7
8440823,120470,148.5,148.6,Ce,65.0,ppm,=,,65.0,65,CORE,ARM40M,8
8440823,120470,148.5,148.6,Co,43.5,ppm,=,,43.5,43.5,CORE,ARM40M,9
8440823,120470,148.5,148.6,Cs,0.6,ppm,=,,0.6,0.6,CORE,ARM40M,10
8440823,120470,148.5,148.6,Cu,28.0,ppm,=,,28.0,28,CORE,ARM40M,11
8440823,120470,148.5,148.6,Dy,,ppm,<,10.0,-10.0,<10,CORE,ARM40M,12
8440823,120470,148.5,148.6,Er,,ppm,<,10.0,-10.0,<10,CORE,ARM40M,13
8440823,120470,148.5,148.6,Eu,,ppm,<,2.0,-2.0,<2,CORE,ARM40M,14
8440823,120470,148.5,148.6,Ga,18.5,ppm,=,,18.5,18.5,CORE,ARM40M,15
8440823,120470,148.5,148.6,Gd,5.0,ppm,=,,5.0,5,CORE,ARM40M,16
8440823,120470,148.5,148.6,Hg,,ppm,<,0.5,-0.5,<0.5,CORE,ARM40M,17
8440823,120470,148.5,148.6,Ho,,ppm,<,5.0,-5.0,<5,CORE,ARM40M,18
8440823,120470,148.5,148.6,In,,ppm,<,0.5,-0.5,<0.5,CORE,ARM40M,19
8440823,120470,148.5,148.6,La,31.5,ppm,=,,31.5,31.5,CORE,ARM40M,20
8440823,120470,148.5,148.6,Lu,,ppm,<,5.0,-5.0,<5,CORE,ARM40M,21
8440823,120470,148.5,148.6,Mo,0.8,ppm,=,,0.8,0.8,CORE,ARM40M,22
8440823,120470,148.5,148.6,Nd,25.0,ppm,=,,25.0,25,CORE,ARM40M,23
8440823,120470,148.5,148.6,Ni,21.0,ppm,=,,21.0,21,CORE,ARM40M,24
8440823,120470,148.5,148.6,Pb,8.5,ppm,=,,8.5,8.5,CORE,ARM40,25
8440823,120470,148.5,148.6,Pr,5.0,ppm,=,,5.0,5,CORE,ARM40M,26
8440823,120470,148.5,148.6,Pt,,ppb,<,0.01,-0.01,<0.01,CORE,ARM40M,27
8440823,120470,148.5,148.6,Rb,4.6,ppm,=,,4.6,4.6,CORE,ARM40M,28
8440823,120470,148.5,148.6,Ru,,ppm,<,5.0,-5.0,<5,CORE,ARM40M,29
8440823,120470,148.5,148.6,Sb,,ppm,<,0.1,-0.1,<0.1,CORE,ARM40M,30
8440823,120470,148.5,148.6,Sc,29.0,ppm,=,,29.0,29,CORE,ARM40M,31
8440823,120470,148.5,148.6,Se,,ppm,<,0.5,-0.5,<0.5,CORE,ARM40M,32
8440823,120470,148.5,148.6,Sm,,ppm,<,10.0,-10.0,<10,CORE,ARM40M,33
8440823,120470,148.5,148.6,Sn,2.0,ppm,=,,2.0,2,CORE,ARM40M,34
8440823,120470,148.5,148.6,Sr,24.0,ppm,=,,24.0,24,CORE,ARM40M,35
8440823,120470,148.5,148.6,Tb,,ppm,<,5.0,-5.0,<5,CORE,ARM40M,36
8440823,120470,148.5,148.6,Te,,ppm,<,0.2,-0.2,<0.2,CORE,ARM40M,37
8440823,120470,148.5,148.6,Th,7.5,ppm,=,,7.5,7.5,CORE,ARM40M,38
8440823,120470,148.5,148.6,Tl,,ppm,<,0.1,-0.1,<0.1,CORE,ARM40M,39
8440823,120470,148.5,148.6,Tm,,ppm,<,5.0,-5.0,<5,CORE,ARM40M,40
8440823,120470,148.5,148.6,U,1.35,ppm,=,,1.35,1.35,CORE,ARM40M,41
8440823,120470,148.5,148.6,W,,ppm,<,0.5,-0.5,<0.5,CORE,ARM40M,42
8440823,120470,148.5,148.6,Y,25.0,ppm,=,,25.0,25,CORE,ARM40M,43
8440823,120470,148.5,148.6,Zn,130.0,ppm,=,,130.0,130,CORE,ARM40M,44
8440823,120470,148.5,148.6,Zr,4.0,ppm,=,,4.0,4,CORE,ARM40M,45
8440823,120471,152.5,152.6,Ag,0.1,ppm,=,,0.1,0.1,CORE,ARM40M,46
8440823,120471,152.5,152.6,As,,ppm,<,0.5,-0.5,<0.5,CORE,ARM40M,47
8440823,120471,152.5,152.6,Au,4.0,ppb,=,,4.0,4,CORE,ARM40M,48
8440823,120471,152.5,152.6,Ba,30.0,ppm,=,,30.0,30,CORE,ARM40M,49
8440823,120471,152.5,152.6,Bi,,ppm,<,0.1,-0.1,<0.1,CORE,ARM40M,50
8440823,120471,152.5,152.6,Cd,0.1,ppm,=,,0.1,0.1,CORE,ARM40M,51
8440823,120471,152.5,152.6,Ce,60.0,ppm,=,,60.0,60,CORE,ARM40M,52
8440823,120471,152.5,152.6,Co,45.0,ppm,=,,45.0,45,CORE,ARM40M,53
8440823,120471,152.5,152.6,Cs,0.4,ppm,=,,0.4,0.4,CORE,ARM40M,54
8440823,120471,152.5,152.6,Cu,45.0,ppm,=,,45.0,45,CORE,ARM40M,55
8440823,120471,152.5,152.6,Dy,,ppm,<,10.0,-10.0,<10,CORE,ARM40M,56
8440823,120471,152.5,152.6,Er,,ppm,<,10.0,-10.0,<10,CORE,ARM40M,57
8440823,120471,152.5,152.6,Eu,,ppm,<,2.0,-2.0,<2,CORE,ARM40M,58
8440823,120471,152.5,152.6,Ga,16.0,ppm,=,,16.0,16,CORE,ARM40M,59
8440823,120471,152.5,152.6,Gd,5.0,ppm,=,,5.0,5,CORE,ARM40M,60
8440823,120471,152.5,152.6,Hg,,ppm,<,0.5,-0.5,<0.5,CORE,ARM40M,61
8440823,120471,152.5,152.6,Ho,,ppm,<,5.0,-5.0,<5,CORE,ARM40M,62
8440823,120471,152.5,152.6,In,,ppm,<,0.5,-0.5,<0.5,CORE,ARM40M,63
8440823,120471,152.5,152.6,La,28.0,ppm,=,,28.0,28,CORE,ARM40M,64
8440823,120471,152.5,152.6,Lu,,ppm,<,5.0,-5.0,<5,CORE,ARM40M,65
8440823,120471,152.5,152.6,Mo,0.8,ppm,=,,0.8,0.8,CORE,ARM40M,66
8440823,120471,152.5,152.6,Nd,20.0,ppm,=,,20.0,20,CORE,ARM40M,67
8440823,120471,152.5,152.6,Ni,22.0,ppm,=,,22.0,22,CORE,ARM40M,68
8440823,120471,152.5,152.6,Pb,4.0,ppm,=,,4.0,4,CORE,ARM40,69
8440823,120471,152.5,152.6,Pr,,ppm,<,5.0,-5.0,<5,CORE,ARM40M,70
8440823,120471,152.5,152.6,Pt,,ppb,<,0.01,-0.01,<0.01,CORE,ARM40M,71
8440823,120471,152.5,152.6,Rb,4.4,ppm,=,,4.4,4.4,CORE,ARM40M,72
8440823,120471,152.5,152.6,Ru,,ppm,<,5.0,-5.0,<5,CORE,ARM40M,73
8440823,120471,152.5,152.6,Sb,,ppm,<,0.1,-0.1,<0.1,CORE,ARM40M,74
8440823,120471,152.5,152.6,Sc,34.5,ppm,=,,34.5,34.5,CORE,ARM40M,75
8440823,120471,152.5,152.6,Se,,ppm,<,0.5,-0.5,<0.5,CORE,ARM40M,76
8440823,120471,152.5,152.6,Sm,,ppm,<,10.0,-10.0,<10,CORE,ARM40M,77
8440823,120471,152.5,152.6,Sn,2.0,ppm,=,,2.0,2,CORE,ARM40M,78
8440823,120471,152.5,152.6,Sr,23.0,ppm,=,,23.0,23,CORE,ARM40M,79
8440823,120471,152.5,152.6,Tb,,ppm,<,5.0,-5.0,<5,CORE,ARM40M,80
8440823,120471,152.5,152.6,Te,,ppm,<,0.2,-0.2,<0.2,CORE,ARM40M,81
8440823,120471,152.5,152.6,Th,6.5,ppm,=,,6.5,6.5,CORE,ARM40M,82
8440823,120471,152.5,152.6,Tl,,ppm,<,0.1,-0.1,<0.1,CORE,ARM40M,83
8440823,120471,152.5,152.6,Tm,,ppm,<,5.0,-5.0,<5,CORE,ARM40M,84
8440823,120471,152.5,152.6,U,1.2,ppm,=,,1.2,1.2,CORE,ARM40M,85
8440823,120471,152.5,152.6,W,,ppm,<,0.5,-0.5,<0.5,CORE,ARM40M,86
8440823,120471,152.5,152.6,Y,25.5,ppm,=,,25.5,25.5,CORE,ARM40M,87
8440823,120471,152.5,152.6,Zn,140.0,ppm,=,,140.0,140,CORE,ARM40M,88
8440823,120471,152.5,152.6,Zr,19.5,ppm,=,,19.5,19.5,CORE,ARM40M,89
8440823,120472,159.5,159.6,Ag,,ppm,<,0.05,-0.05,<0.05,CORE,ARM40M,90
8440823,120472,159.5,159.6,As,,ppm,<,0.5,-0.5,<0.5,CORE,ARM40M,91
8440823,120472,159.5,159.6,Au,2.0,ppb,=,,2.0,2,CORE,ARM40M,92
8440823,120472,159.5,159.6,Ba,36.0,ppm,=,,36.0,36,CORE,ARM40M,93
8440823,120472,159.5,159.6,Bi,,ppm,<,0.1,-0.1,<0.1,CORE,ARM40M,94
8440823,120472,159.5,159.6,Cd,,ppm,<,0.1,-0.1,<0.1,CORE,ARM40M,95
8440823,120472,159.5,159.6,Ce,60.0,ppm,=,,60.0,60,CORE,ARM40M,96
8440823,120472,159.5,159.6,Co,30.5,ppm,=,,30.5,30.5,CORE,ARM40M,97
8440823,120472,159.5,159.6,Cs,0.6,ppm,=,,0.6,0.6,CORE,ARM40M,98
8440823,120472,159.5,159.6,Cu,25.0,ppm,=,,25.0,25,CORE,ARM40M,99
8440823,120472,159.5,159.6,Dy,,ppm,<,10.0,-10.0,<10,CORE,ARM40M,100
8440823,120472,159.5,159.6,Er,,ppm,<,10.0,-10.0,<10,CORE,ARM40M,101
8440823,120472,159.5,159.6,Eu,,ppm,<,2.0,-2.0,<2,CORE,ARM40M,102
8440823,120472,159.5,159.6,Ga,10.0,ppm,=,,10.0,10,CORE,ARM40M,103
8440823,120472,159.5,159.6,Gd,5.0,ppm,=,,5.0,5,CORE,ARM40M,104
8440823,120472,159.5,159.6,Hg,,ppm,<,0.5,-0.5,<0.5,CORE,ARM40M,105
8440823,120472,159.5,159.6,Ho,,ppm,<,5.0,-5.0,<5,CORE,ARM40M,106
8440823,120472,159.5,159.6,In,,ppm,<,0.5,-0.5,<0.5,CORE,ARM40M,107
8440823,120472,159.5,159.6,La,28.0,ppm,=,,28.0,28,CORE,ARM40M,108
8440823,120472,159.5,159.6,Lu,,ppm,<,5.0,-5.0,<5,CORE,ARM40M,109
8440823,120472,159.5,159.6,Mo,0.8,ppm,=,,0.8,0.8,CORE,ARM40M,110
8440823,120472,159.5,159.6,Nd,20.0,ppm,=,,20.0,20,CORE,ARM40M,111
8440823,120472,159.5,159.6,Ni,16.0,ppm,=,,16.0,16,CORE,ARM40M,112
8440823,120472,159.5,159.6,Pb,5.0,ppm,=,,5.0,5,CORE,ARM40,113
8440823,120472,159.5,159.6,Pr,,ppm,<,5.0,-5.0,<5,CORE,ARM40M,114
8440823,120472,159.5,159.6,Pt,,ppb,<,0.01,-0.01,<0.01,CORE,ARM40M,115
8440823,120472,159.5,159.6,Rb,6.0,ppm,=,,6.0,6,CORE,ARM40M,116
8440823,120472,159.5,159.6,Ru,,ppm,<,5.0,-5.0,<5,CORE,ARM40M,117
8440823,120472,159.5,159.6,Sb,,ppm,<,0.1,-0.1,<0.1,CORE,ARM40M,118
8440823,120472,159.5,159.6,Sc,18.0,ppm,=,,18.0,18,CORE,ARM40M,119
8440823,120472,159.5,159.6,Se,,ppm,<,0.5,-0.5,<0.5,CORE,ARM40M,120
8440823,120472,159.5,159.6,Sm,,ppm,<,10.0,-10.0,<10,CORE,ARM40M,121
8440823,120472,159.5,159.6,Sn,2.0,ppm,=,,2.0,2,CORE,ARM40M,122
8440823,120472,159.5,159.6,Sr,25.0,ppm,=,,25.0,25,CORE,ARM40M,123
8440823,120472,159.5,159.6,Tb,,ppm,<,5.0,-5.0,<5,CORE,ARM40M,124
8440823,120472,159.5,159.6,Te,,ppm,<,0.2,-0.2,<0.2,CORE,ARM40M,125
8440823,120472,159.5,159.6,Th,8.5,ppm,=,,8.5,8.5,CORE,ARM40M,126
8440823,120472,159.5,159.6,Tl,,ppm,<,0.1,-0.1,<0.1,CORE,ARM40M,127
8440823,120472,159.5,159.6,Tm,,ppm,<,5.0,-5.0,<5,CORE,ARM40M,128
8440823,120472,159.5,159.6,U,1.2,ppm,=,,1.2,1.2,CORE,ARM40M,129
8440823,120472,159.5,159.6,W,,ppm,<,0.5,-0.5,<0.5,CORE,ARM40M,130
8440823,120472,159.5,159.6,Y,30.5,ppm,=,,30.5,30.5,CORE,ARM40M,131
8440823,120472,159.5,159.6,Zn,150.0,ppm,=,,150.0,150,CORE,ARM40M,132
8440823,120472,159.5,159.6,Zr,22.5,ppm,=,,22.5,22.5,CORE,ARM40M,133
8440823,120473,164.5,164.6,Ag,,ppm,<,0.05,-0.05,<0.05,CORE,ARM40M,134
8440823,120473,164.5,164.6,As,,ppm,<,0.5,-0.5,<0.5,CORE,ARM40M,135
8440823,120473,164.5,164.6,Au,1.0,ppb,=,,1.0,1,CORE,ARM40M,136
8440823,120473,164.5,164.6,Ba,24.0,ppm,=,,24.0,24,CORE,ARM40M,137
8440823,120473,164.5,164.6,Bi,,ppm,<,0.1,-0.1,<0.1,CORE,ARM40M,138
8440823,120473,164.5,164.6,Cd,,ppm,<,0.1,-0.1,<0.1,CORE,ARM40M,139
8440823,120473,164.5,164.6,Ce,55.0,ppm,=,,55.0,55,CORE,ARM40M,140
8440823,120473,164.5,164.6,Co,32.5,ppm,=,,32.5,32.5,CORE,ARM40M,141
8440823,120473,164.5,164.6,Cs,0.5,ppm,=,,0.5,0.5,CORE,ARM40M,142
8440823,120473,164.5,164.6,Cu,12.0,ppm,=,,12.0,12,CORE,ARM40M,143
8440823,120473,164.5,164.6,Dy,,ppm,<,10.0,-10.0,<10,CORE,ARM40M,144
8440823,120473,164.5,164.6,Er,,ppm,<,10.0,-10.0,<10,CORE,ARM40M,145
8440823,120473,164.5,164.6,Eu,,ppm,<,2.0,-2.0,<2,CORE,ARM40M,146
8440823,120473,164.5,164.6,Ga,10.5,ppm,=,,10.5,10.5,CORE,ARM40M,147
8440823,120473,164.5,164.6,Gd,5.0,ppm,=,,5.0,5,CORE,ARM40M,148
8440823,120473,164.5,164.6,Hg,,ppm,<,0.5,-0.5,<0.5,CORE,ARM40M,149
8440823,120473,164.5,164.6,Ho,,ppm,<,5.0,-5.0,<5,CORE,ARM40M,150
8440823,120473,164.5,164.6,In,,ppm,<,0.5,-0.5,<0.5,CORE,ARM40M,151
8440823,120473,164.5,164.6,La,26.5,ppm,=,,26.5,26.5,CORE,ARM40M,152
8440823,120473,164.5,164.6,Lu,,ppm,<,5.0,-5.0,<5,CORE,ARM40M,153
8440823,120473,164.5,164.6,Mo,0.6,ppm,=,,0.6,0.6,CORE,ARM40M,154
8440823,120473,164.5,164.6,Nd,20.0,ppm,=,,20.0,20,CORE,ARM40M,155
8440823,120473,164.5,164.6,Ni,16.0,ppm,=,,16.0,16,CORE,ARM40M,156
8440823,120473,164.5,164.6,Pb,5.0,ppm,=,,5.0,5,CORE,ARM40,157
8440823,120473,164.5,164.6,Pr,,ppm,<,5.0,-5.0,<5,CORE,ARM40M,158
8440823,120473,164.5,164.6,Pt,,ppb,<,0.01,-0.01,<0.01,CORE,ARM40M,159
8440823,120473,164.5,164.6,Rb,4.1,ppm,=,,4.1,4.1,CORE,ARM40M,160
8440823,120473,164.5,164.6,Ru,,ppm,<,5.0,-5.0,<5,CORE,ARM40M,161
8440823,120473,164.5,164.6,Sb,,ppm,<,0.1,-0.1,<0.1,CORE,ARM40M,162
8440823,120473,164.5,164.6,Sc,13.5,ppm,=,,13.5,13.5,CORE,ARM40M,163
8440823,120473,164.5,164.6,Se,,ppm,<,0.5,-0.5,<0.5,CORE,ARM40M,164
8440823,120473,164.5,164.6,Sm,,ppm,<,10.0,-10.0,<10,CORE,ARM40M,165
8440823,120473,164.5,164.6,Sn,2.0,ppm,=,,2.0,2,CORE,ARM40M,166
8440823,120473,164.5,164.6,Sr,24.0,ppm,=,,24.0,24,CORE,ARM40M,167
8440823,120473,164.5,164.6,Tb,,ppm,<,5.0,-5.0,<5,CORE,ARM40M,168
8440823,120473,164.5,164.6,Te,,ppm,<,0.2,-0.2,<0.2,CORE,ARM40M,169
8440823,120473,164.5,164.6,Th,8.0,ppm,=,,8.0,8,CORE,ARM40M,170
8440823,120473,164.5,164.6,Tl,,ppm,<,0.1,-0.1,<0.1,CORE,ARM40M,171
8440823,120473,164.5,164.6,Tm,,ppm,<,5.0,-5.0,<5,CORE,ARM40M,172
8440823,120473,164.5,164.6,U,1.4,ppm,=,,1.4,1.4,CORE,ARM40M,173
8440823,120473,164.5,164.6,W,,ppm,<,0.5,-0.5,<0.5,CORE,ARM40M,174
8440823,120473,164.5,164.6,Y,26.5,ppm,=,,26.5,26.5,CORE,ARM40M,175
8440823,120473,164.5,164.6,Zn,65.0,ppm,=,,65.0,65,CORE,ARM40M,176
8440823,120473,164.5,164.6,Zr,14.0,ppm,=,,14.0,14,CORE,ARM40M,177
8440823,120474,169.5,169.6,Ag,,ppm,<,0.05,-0.05,<0.05,CORE,ARM40M,178
8440823,120474,169.5,169.6,As,,ppm,<,0.5,-0.5,<0.5,CORE,ARM40M,179
8440823,120474,169.5,169.6,Au,,ppb,<,1.0,-1.0,<1,CORE,ARM40M,180
8440823,120474,169.5,169.6,Ba,20.0,ppm,=,,20.0,20,CORE,ARM40M,181
8440823,120474,169.5,169.6,Bi,,ppm,<,0.1,-0.1,<0.1,CORE,ARM40M,182
8440823,120474,169.5,169.6,Cd,,ppm,<,0.1,-0.1,<0.1,CORE,ARM40M,183
8440823,120474,169.5,169.6,Ce,55.0,ppm,=,,55.0,55,CORE,ARM40M,184
8440823,120474,169.5,169.6,Co,28.5,ppm,=,,28.5,28.5,CORE,ARM40M,185
8440823,120474,169.5,169.6,Cs,0.5,ppm,=,,0.5,0.5,CORE,ARM40M,186
8440823,120474,169.5,169.6,Cu,12.0,ppm,=,,12.0,12,CORE,ARM40M,187
8440823,120474,169.5,169.6,Dy,,ppm,<,10.0,-10.0,<10,CORE,ARM40M,188
8440823,120474,169.5,169.6,Er,,ppm,<,10.0,-10.0,<10,CORE,ARM40M,189
8440823,120474,169.5,169.6,Eu,,ppm,<,2.0,-2.0,<2,CORE,ARM40M,190
8440823,120474,169.5,169.6,Ga,9.5,ppm,=,,9.5,9.5,CORE,ARM40M,191
8440823,120474,169.5,169.6,Gd,5.0,ppm,=,,5.0,5,CORE,ARM40M,192
8440823,120474,169.5,169.6,Hg,,ppm,<,0.5,-0.5,<0.5,CORE,ARM40M,193
8440823,120474,169.5,169.6,Ho,,ppm,<,5.0,-5.0,<5,CORE,ARM40M,194
8440823,120474,169.5,169.6,In,,ppm,<,0.5,-0.5,<0.5,CORE,ARM40M,195
8440823,120474,169.5,169.6,La,28.0,ppm,=,,28.0,28,CORE,ARM40M,196
8440823,120474,169.5,169.6,Lu,,ppm,<,5.0,-5.0,<5,CORE,ARM40M,197
8440823,120474,169.5,169.6,Mo,0.6,ppm,=,,0.6,0.6,CORE,ARM40M,198
8440823,120474,169.5,169.6,Nd,20.0,ppm,=,,20.0,20,CORE,ARM40M,199
8440823,120474,169.5,169.6,Ni,15.0,ppm,=,,15.0,15,CORE,ARM40M,200
8440823,120474,169.5,169.6,Pb,6.0,ppm,=,,6.0,6,CORE,ARM40,201
8440823,120474,169.5,169.6,Pr,,ppm,<,5.0,-5.0,<5,CORE,ARM40M,202
8440823,120474,169.5,169.6,Pt,,ppb,<,0.01,-0.01,<0.01,CORE,ARM40M,203
8440823,120474,169.5,169.6,Rb,3.7,ppm,=,,3.7,3.7,CORE,ARM40M,204
8440823,120474,169.5,169.6,Ru,,ppm,<,5.0,-5.0,<5,CORE,ARM40M,205
8440823,120474,169.5,169.6,Sb,,ppm,<,0.1,-0.1,<0.1,CORE,ARM40M,206
8440823,120474,169.5,169.6,Sc,7.0,ppm,=,,7.0,7,CORE,ARM40M,207
8440823,120474,169.5,169.6,Se,,ppm,<,0.5,-0.5,<0.5,CORE,ARM40M,208
8440823,120474,169.5,169.6,Sm,,ppm,<,10.0,-10.0,<10,CORE,ARM40M,209
8440823,120474,169.5,169.6,Sn,1.0,ppm,=,,1.0,1,CORE,ARM40M,210
8440823,120474,169.5,169.6,Sr,38.0,ppm,=,,38.0,38,CORE,ARM40M,211
8440823,120474,169.5,169.6,Tb,,ppm,<,5.0,-5.0,<5,CORE,ARM40M,212
8440823,120474,169.5,169.6,Te,,ppm,<,0.2,-0.2,<0.2,CORE,ARM40M,213
8440823,120474,169.5,169.6,Th,8.5,ppm,=,,8.5,8.5,CORE,ARM40M,214
8440823,120474,169.5,169.6,Tl,,ppm,<,0.1,-0.1,<0.1,CORE,ARM40M,215
8440823,120474,169.5,169.6,Tm,,ppm,<,5.0,-5.0,<5,CORE,ARM40M,216
8440823,120474,169.5,169.6,U,1.55,ppm,=,,1.55,1.55,CORE,ARM40M,217
8440823,120474,169.5,169.6,W,,ppm,<,0.5,-0.5,<0.5,CORE,ARM40M,218
8440823,120474,169.5,169.6,Y,22.5,ppm,=,,22.5,22.5,CORE,ARM40M,219
8440823,120474,169.5,169.6,Zn,47.0,ppm,=,,47.0,47,CORE,ARM40M,220
8440823,120474,169.5,169.6,Zr,8.5,ppm,=,,8.5,8.5,CORE,ARM40M,221
8440823,120475,174.5,174.6,Ag,0.1,ppm,=,,0.1,0.1,CORE,ARM40M,222
8440823,120475,174.5,174.6,As,,ppm,<,0.5,-0.5,<0.5,CORE,ARM40M,223
8440823,120475,174.5,174.6,Au,2.0,ppb,=,,2.0,2,CORE,ARM40M,224
8440823,120475,174.5,174.6,Ba,23.0,ppm,=,,23.0,23,CORE,ARM40M,225
8440823,120475,174.5,174.6,Bi,,ppm,<,0.1,-0.1,<0.1,CORE,ARM40M,226
8440823,120475,174.5,174.6,Cd,,ppm,<,0.1,-0.1,<0.1,CORE,ARM40M,227
8440823,120475,174.5,174.6,Ce,65.0,ppm,=,,65.0,65,CORE,ARM40M,228
8440823,120475,174.5,174.6,Co,27.5,ppm,=,,27.5,27.5,CORE,ARM40M,229
8440823,120475,174.5,174.6,Cs,0.5,ppm,=,,0.5,0.5,CORE,ARM40M,230
8440823,120475,174.5,174.6,Cu,10.0,ppm,=,,10.0,10,CORE,ARM40M,231
8440823,120475,174.5,174.6,Dy,,ppm,<,10.0,-10.0,<10,CORE,ARM40M,232
8440823,120475,174.5,174.6,Er,,ppm,<,10.0,-10.0,<10,CORE,ARM40M,233
8440823,120475,174.5,174.6,Eu,,ppm,<,2.0,-2.0,<2,CORE,ARM40M,234
8440823,120475,174.5,174.6,Ga,9.0,ppm,=,,9.0,9,CORE,ARM40M,235
8440823,120475,174.5,174.6,Gd,5.0,ppm,=,,5.0,5,CORE,ARM40M,236
8440823,120475,174.5,174.6,Hg,,ppm,<,0.5,-0.5,<0.5,CORE,ARM40M,237
8440823,120475,174.5,174.6,Ho,,ppm,<,5.0,-5.0,<5,CORE,ARM40M,238
8440823,120475,174.5,174.6,In,,ppm,<,0.5,-0.5,<0.5,CORE,ARM40M,239
8440823,120475,174.5,174.6,La,30.0,ppm,=,,30.0,30,CORE,ARM40M,240
8440823,120475,174.5,174.6,Lu,,ppm,<,5.0,-5.0,<5,CORE,ARM40M,241
8440823,120475,174.5,174.6,Mo,0.8,ppm,=,,0.8,0.8,CORE,ARM40M,242
8440823,120475,174.5,174.6,Nd,20.0,ppm,=,,20.0,20,CORE,ARM40M,243
8440823,120475,174.5,174.6,Ni,14.0,ppm,=,,14.0,14,CORE,ARM40M,244
8440823,120475,174.5,174.6,Pb,5.0,ppm,=,,5.0,5,CORE,ARM40,245
8440823,120475,174.5,174.6,Pr,5.0,ppm,=,,5.0,5,CORE,ARM40M,246
8440823,120475,174.5,174.6,Pt,,ppb,<,0.01,-0.01,<0.01,CORE,ARM40M,247
8440823,120475,174.5,174.6,Rb,3.6,ppm,=,,3.6,3.6,CORE,ARM40M,248
8440823,120475,174.5,174.6,Ru,,ppm,<,5.0,-5.0,<5,CORE,ARM40M,249
8440823,120475,174.5,174.6,Sb,,ppm,<,0.1,-0.1,<0.1,CORE,ARM40M,250
8440823,120475,174.5,174.6,Sc,6.5,ppm,=,,6.5,6.5,CORE,ARM40M,251
8440823,120475,174.5,174.6,Se,,ppm,<,0.5,-0.5,<0.5,CORE,ARM40M,252
8440823,120475,174.5,174.6,Sm,,ppm,<,10.0,-10.0,<10,CORE,ARM40M,253
8440823,120475,174.5,174.6,Sn,2.0,ppm,=,,2.0,2,CORE,ARM40M,254
8440823,120475,174.5,174.6,Sr,32.0,ppm,=,,32.0,32,CORE,ARM40M,255
8440823,120475,174.5,174.6,Tb,,ppm,<,5.0,-5.0,<5,CORE,ARM40M,256
8440823,120475,174.5,174.6,Te,,ppm,<,0.2,-0.2,<0.2,CORE,ARM40M,257
8440823,120475,174.5,174.6,Th,10.0,ppm,=,,10.0,10,CORE,ARM40M,258
8440823,120475,174.5,174.6,Tl,,ppm,<,0.1,-0.1,<0.1,CORE,ARM40M,259
8440823,120475,174.5,174.6,Tm,,ppm,<,5.0,-5.0,<5,CORE,ARM40M,260
8440823,120475,174.5,174.6,U,1.75,ppm,=,,1.75,1.75,CORE,ARM40M,261
8440823,120475,174.5,174.6,W,,ppm,<,0.5,-0.5,<0.5,CORE,ARM40M,262
8440823,120475,174.5,174.6,Y,24.0,ppm,=,,24.0,24,CORE,ARM40M,263
8440823,120475,174.5,174.6,Zn,40.0,ppm,=,,40.0,40,CORE,ARM40M,264
8440823,120475,174.5,174.6,Zr,6.0,ppm,=,,6.0,6,CORE,ARM40M,265
8440823,120476,179.5,179.6,Ag,0.05,ppm,=,,0.05,0.05,CORE,ARM40M,266
8440823,120476,179.5,179.6,As,0.5,ppm,=,,0.5,0.5,CORE,ARM40M,267
8440823,120476,179.5,179.6,Au,1.0,ppb,=,,1.0,1,CORE,ARM40M,268
8440823,120476,179.5,179.6,Ba,23.0,ppm,=,,23.0,23,CORE,ARM40M,269
8440823,120476,179.5,179.6,Bi,0.3,ppm,=,,0.3,0.3,CORE,ARM40M,270
8440823,120476,179.5,179.6,Cd,,ppm,<,0.1,-0.1,<0.1,CORE,ARM40M,271
8440823,120476,179.5,179.6,Ce,55.0,ppm,=,,55.0,55,CORE,ARM40M,272
8440823,120476,179.5,179.6,Co,29.0,ppm,=,,29.0,29,CORE,ARM40M,273
8440823,120476,179.5,179.6,Cs,1.1,ppm,=,,1.1,1.1,CORE,ARM40M,274
8440823,120476,179.5,179.6,Cu,7.0,ppm,=,,7.0,7,CORE,ARM40M,275
8440823,120476,179.5,179.6,Dy,,ppm,<,10.0,-10.0,<10,CORE,ARM40M,276
8440823,120476,179.5,179.6,Er,,ppm,<,10.0,-10.0,<10,CORE,ARM40M,277
8440823,120476,179.5,179.6,Eu,,ppm,<,2.0,-2.0,<2,CORE,ARM40M,278
8440823,120476,179.5,179.6,Ga,9.0,ppm,=,,9.0,9,CORE,ARM40M,279
8440823,120476,179.5,179.6,Gd,5.0,ppm,=,,5.0,5,CORE,ARM40M,280
8440823,120476,179.5,179.6,Hg,,ppm,<,0.5,-0.5,<0.5,CORE,ARM40M,281
8440823,120476,179.5,179.6,Ho,,ppm,<,5.0,-5.0,<5,CORE,ARM40M,282
8440823,120476,179.5,179.6,In,,ppm,<,0.5,-0.5,<0.5,CORE,ARM40M,283
8440823,120476,179.5,179.6,La,28.0,ppm,=,,28.0,28,CORE,ARM40M,284
8440823,120476,179.5,179.6,Lu,,ppm,<,5.0,-5.0,<5,CORE,ARM40M,285
8440823,120476,179.5,179.6,Mo,0.8,ppm,=,,0.8,0.8,CORE,ARM40M,286
8440823,120476,179.5,179.6,Nd,20.0,ppm,=,,20.0,20,CORE,ARM40M,287
8440823,120476,179.5,179.6,Ni,14.0,ppm,=,,14.0,14,CORE,ARM40M,288
8440823,120476,179.5,179.6,Pb,6.0,ppm,=,,6.0,6,CORE,ARM40,289
8440823,120476,179.5,179.6,Pr,,ppm,<,5.0,-5.0,<5,CORE,ARM40M,290
8440823,120476,179.5,179.6,Pt,,ppb,<,0.01,-0.01,<0.01,CORE,ARM40M,291
8440823,120476,179.5,179.6,Rb,4.9,ppm,=,,4.9,4.9,CORE,ARM40M,292
8440823,120476,179.5,179.6,Ru,,ppm,<,5.0,-5.0,<5,CORE,ARM40M,293
8440823,120476,179.5,179.6,Sb,,ppm,<,0.1,-0.1,<0.1,CORE,ARM40M,294
8440823,120476,179.5,179.6,Sc,6.5,ppm,=,,6.5,6.5,CORE,ARM40M,295
8440823,120476,179.5,179.6,Se,,ppm,<,0.5,-0.5,<0.5,CORE,ARM40M,296
8440823,120476,179.5,179.6,Sm,,ppm,<,10.0,-10.0,<10,CORE,ARM40M,297
8440823,120476,179.5,179.6,Sn,2.0,ppm,=,,2.0,2,CORE,ARM40M,298
8440823,120476,179.5,179.6,Sr,30.0,ppm,=,,30.0,30,CORE,ARM40M,299
8440823,120476,179.5,179.6,Tb,,ppm,<,5.0,-5.0,<5,CORE,ARM40M,300
8440823,120476,179.5,179.6,Te,,ppm,<,0.2,-0.2,<0.2,CORE,ARM40M,301
8440823,120476,179.5,179.6,Th,9.5,ppm,=,,9.5,9.5,CORE,ARM40M,302
8440823,120476,179.5,179.6,Tl,,ppm,<,0.1,-0.1,<0.1,CORE,ARM40M,303
8440823,120476,179.5,179.6,Tm,,ppm,<,5.0,-5.0,<5,CORE,ARM40M,304
8440823,120476,179.5,179.6,U,1.6,ppm,=,,1.6,1.6,CORE,ARM40M,305
8440823,120476,179.5,179.6,W,,ppm,<,0.5,-0.5,<0.5,CORE,ARM40M,306
8440823,120476,179.5,179.6,Y,23.5,ppm,=,,23.5,23.5,CORE,ARM40M,307
8440823,120476,179.5,179.6,Zn,40.0,ppm,=,,40.0,40,CORE,ARM40M,308
8440823,120476,179.5,179.6,Zr,7.5,ppm,=,,7.5,7.5,CORE,ARM40M,309
8440823,120477,184.5,184.6,Ag,0.1,ppm,=,,0.1,0.1,CORE,ARM40M,310
8440823,120477,184.5,184.6,As,,ppm,<,0.5,-0.5,<0.5,CORE,ARM40M,311
8440823,120477,184.5,184.6,Au,,ppb,<,1.0,-1.0,<1,CORE,ARM40M,312
8440823,120477,184.5,184.6,Ba,26.0,ppm,=,,26.0,26,CORE,ARM40M,313
8440823,120477,184.5,184.6,Bi,,ppm,<,0.1,-0.1,<0.1,CORE,ARM40M,314
8440823,120477,184.5,184.6,Cd,,ppm,<,0.1,-0.1,<0.1,CORE,ARM40M,315
8440823,120477,184.5,184.6,Ce,60.0,ppm,=,,60.0,60,CORE,ARM40M,316
8440823,120477,184.5,184.6,Co,30.5,ppm,=,,30.5,30.5,CORE,ARM40M,317
8440823,120477,184.5,184.6,Cs,0.6,ppm,=,,0.6,0.6,CORE,ARM40M,318
8440823,120477,184.5,184.6,Cu,11.0,ppm,=,,11.0,11,CORE,ARM40M,319
8440823,120477,184.5,184.6,Dy,,ppm,<,10.0,-10.0,<10,CORE,ARM40M,320
8440823,120477,184.5,184.6,Er,,ppm,<,10.0,-10.0,<10,CORE,ARM40M,321
8440823,120477,184.5,184.6,Eu,,ppm,<,2.0,-2.0,<2,CORE,ARM40M,322
8440823,120477,184.5,184.6,Ga,9.5,ppm,=,,9.5,9.5,CORE,ARM40M,323
8440823,120477,184.5,184.6,Gd,5.0,ppm,=,,5.0,5,CORE,ARM40M,324
8440823,120477,184.5,184.6,Hg,,ppm,<,0.5,-0.5,<0.5,CORE,ARM40M,325
8440823,120477,184.5,184.6,Ho,,ppm,<,5.0,-5.0,<5,CORE,ARM40M,326
8440823,120477,184.5,184.6,In,,ppm,<,0.5,-0.5,<0.5,CORE,ARM40M,327
8440823,120477,184.5,184.6,La,28.0,ppm,=,,28.0,28,CORE,ARM40M,328
8440823,120477,184.5,184.6,Lu,,ppm,<,5.0,-5.0,<5,CORE,ARM40M,329
8440823,120477,184.5,184.6,Mo,0.8,ppm,=,,0.8,0.8,CORE,ARM40M,330
8440823,120477,184.5,184.6,Nd,20.0,ppm,=,,20.0,20,CORE,ARM40M,331
8440823,120477,184.5,184.6,Ni,13.0,ppm,=,,13.0,13,CORE,ARM40M,332
8440823,120477,184.5,184.6,Pb,6.5,ppm,=,,6.5,6.5,CORE,ARM40,333
8440823,120477,184.5,184.6,Pr,,ppm,<,5.0,-5.0,<5,CORE,ARM40M,334
8440823,120477,184.5,184.6,Pt,,ppb,<,0.01,-0.01,<0.01,CORE,ARM40M,335
8440823,120477,184.5,184.6,Rb,2.8,ppm,=,,2.8,2.8,CORE,ARM40M,336
8440823,120477,184.5,184.6,Ru,,ppm,<,5.0,-5.0,<5,CORE,ARM40M,337
8440823,120477,184.5,184.6,Sb,,ppm,<,0.1,-0.1,<0.1,CORE,ARM40M,338
8440823,120477,184.5,184.6,Sc,5.0,ppm,=,,5.0,5,CORE,ARM40M,339
8440823,120477,184.5,184.6,Se,,ppm,<,0.5,-0.5,<0.5,CORE,ARM40M,340
8440823,120477,184.5,184.6,Sm,,ppm,<,10.0,-10.0,<10,CORE,ARM40M,341
8440823,120477,184.5,184.6,Sn,2.0,ppm,=,,2.0,2,CORE,ARM40M,342
8440823,120477,184.5,184.6,Sr,33.0,ppm,=,,33.0,33,CORE,ARM40M,343
8440823,120477,184.5,184.6,Tb,,ppm,<,5.0,-5.0,<5,CORE,ARM40M,344
8440823,120477,184.5,184.6,Te,,ppm,<,0.2,-0.2,<0.2,CORE,ARM40M,345
8440823,120477,184.5,184.6,Th,9.5,ppm,=,,9.5,9.5,CORE,ARM40M,346
8440823,120477,184.5,184.6,Tl,,ppm,<,0.1,-0.1,<0.1,CORE,ARM40M,347
8440823,120477,184.5,184.6,Tm,,ppm,<,5.0,-5.0,<5,CORE,ARM40M,348
8440823,120477,184.5,184.6,U,1.7,ppm,=,,1.7,1.7,CORE,ARM40M,349
8440823,120477,184.5,184.6,W,,ppm,<,0.5,-0.5,<0.5,CORE,ARM40M,350
8440823,120477,184.5,184.6,Y,22.0,ppm,=,,22.0,22,CORE,ARM40M,351
8440823,120477,184.5,184.6,Zn,80.0,ppm,=,,80.0,80,CORE,ARM40M,352
8440823,120477,184.5,184.6,Zr,10.5,ppm,=,,10.5,10.5,CORE,ARM40M,353
8440823,120478,189.5,189.6,Ag,0.1,ppm,=,,0.1,0.1,CORE,ARM40M,354
8440823,120478,189.5,189.6,As,0.5,ppm,=,,0.5,0.5,CORE,ARM40M,355
8440823,120478,189.5,189.6,Au,4.0,ppb,=,,4.0,4,CORE,ARM40M,356
8440823,120478,189.5,189.6,Ba,18.0,ppm,=,,18.0,18,CORE,ARM40M,357
8440823,120478,189.5,189.6,Bi,,ppm,<,0.1,-0.1,<0.1,CORE,ARM40M,358
8440823,120478,189.5,189.6,Cd,,ppm,<,0.1,-0.1,<0.1,CORE,ARM40M,359
8440823,120478,189.5,189.6,Ce,60.0,ppm,=,,60.0,60,CORE,ARM40M,360
8440823,120478,189.5,189.6,Co,28.0,ppm,=,,28.0,28,CORE,ARM40M,361
8440823,120478,189.5,189.6,Cs,0.5,ppm,=,,0.5,0.5,CORE,ARM40M,362
8440823,120478,189.5,189.6,Cu,120.0,ppm,=,,120.0,120,CORE,ARM40M,363
8440823,120478,189.5,189.6,Dy,,ppm,<,10.0,-10.0,<10,CORE,ARM40M,364
8440823,120478,189.5,189.6,Er,,ppm,<,10.0,-10.0,<10,CORE,ARM40M,365
8440823,120478,189.5,189.6,Eu,,ppm,<,2.0,-2.0,<2,CORE,ARM40M,366
8440823,120478,189.5,189.6,Ga,9.5,ppm,=,,9.5,9.5,CORE,ARM40M,367
8440823,120478,189.5,189.6,Gd,5.0,ppm,=,,5.0,5,CORE,ARM40M,368
8440823,120478,189.5,189.6,Hg,,ppm,<,0.5,-0.5,<0.5,CORE,ARM40M,369
8440823,120478,189.5,189.6,Ho,,ppm,<,5.0,-5.0,<5,CORE,ARM40M,370
8440823,120478,189.5,189.6,In,,ppm,<,0.5,-0.5,<0.5,CORE,ARM40M,371
8440823,120478,189.5,189.6,La,28.5,ppm,=,,28.5,28.5,CORE,ARM40M,372
8440823,120478,189.5,189.6,Lu,,ppm,<,5.0,-5.0,<5,CORE,ARM40M,373
8440823,120478,189.5,189.6,Mo,0.8,ppm,=,,0.8,0.8,CORE,ARM40M,374
8440823,120478,189.5,189.6,Nd,20.0,ppm,=,,20.0,20,CORE,ARM40M,375
8440823,120478,189.5,189.6,Ni,11.0,ppm,=,,11.0,11,CORE,ARM40M,376
8440823,120478,189.5,189.6,Pb,4.0,ppm,=,,4.0,4,CORE,ARM40,377
8440823,120478,189.5,189.6,Pr,,ppm,<,5.0,-5.0,<5,CORE,ARM40M,378
8440823,120478,189.5,189.6,Pt,,ppb,<,0.01,-0.01,<0.01,CORE,ARM40M,379
8440823,120478,189.5,189.6,Rb,2.0,ppm,=,,2.0,2,CORE,ARM40M,380
8440823,120478,189.5,189.6,Ru,,ppm,<,5.0,-5.0,<5,CORE,ARM40M,381
8440823,120478,189.5,189.6,Sb,,ppm,<,0.1,-0.1,<0.1,CORE,ARM40M,382
8440823,120478,189.5,189.6,Sc,6.0,ppm,=,,6.0,6,CORE,ARM40M,383
8440823,120478,189.5,189.6,Se,,ppm,<,0.5,-0.5,<0.5,CORE,ARM40M,384
8440823,120478,189.5,189.6,Sm,,ppm,<,10.0,-10.0,<10,CORE,ARM40M,385
8440823,120478,189.5,189.6,Sn,2.0,ppm,=,,2.0,2,CORE,ARM40M,386
8440823,120478,189.5,189.6,Sr,23.0,ppm,=,,23.0,23,CORE,ARM40M,387
8440823,120478,189.5,189.6,Tb,,ppm,<,5.0,-5.0,<5,CORE,ARM40M,388
8440823,120478,189.5,189.6,Te,,ppm,<,0.2,-0.2,<0.2,CORE,ARM40M,389
8440823,120478,189.5,189.6,Th,10.5,ppm,=,,10.5,10.5,CORE,ARM40M,390
8440823,120478,189.5,189.6,Tl,,ppm,<,0.1,-0.1,<0.1,CORE,ARM40M,391
8440823,120478,189.5,189.6,Tm,,ppm,<,5.0,-5.0,<5,CORE,ARM40M,392
8440823,120478,189.5,189.6,U,1.8,ppm,=,,1.8,1.8,CORE,ARM40M,393
8440823,120478,189.5,189.6,W,,ppm,<,0.5,-0.5,<0.5,CORE,ARM40M,394
8440823,120478,189.5,189.6,Y,24.0,ppm,=,,24.0,24,CORE,ARM40M,395
8440823,120478,189.5,189.6,Zn,175.0,ppm,=,,175.0,175,CORE,ARM40M,396
8440823,120478,189.5,189.6,Zr,23.5,ppm,=,,23.5,23.5,CORE,ARM40M,397
8440823,120479,194.5,194.6,Ag,0.1,ppm,=,,0.1,0.1,CORE,ARM40M,398
8440823,120479,194.5,194.6,As,,ppm,<,0.5,-0.5,<0.5,CORE,ARM40M,399
8440823,120479,194.5,194.6,Au,2.0,ppb,=,,2.0,2,CORE,ARM40M,400
8440823,120479,194.5,194.6,Ba,22.0,ppm,=,,22.0,22,CORE,ARM40M,401
8440823,120479,194.5,194.6,Bi,,ppm,<,0.1,-0.1,<0.1,CORE,ARM40M,402
8440823,120479,194.5,194.6,Cd,,ppm,<,0.1,-0.1,<0.1,CORE,ARM40M,403
8440823,120479,194.5,194.6,Ce,55.0,ppm,=,,55.0,55,CORE,ARM40M,404
8440823,120479,194.5,194.6,Co,28.5,ppm,=,,28.5,28.5,CORE,ARM40M,405
8440823,120479,194.5,194.6,Cs,0.5,ppm,=,,0.5,0.5,CORE,ARM40M,406
8440823,120479,194.5,194.6,Cu,80.0,ppm,=,,80.0,80,CORE,ARM40M,407
8440823,120479,194.5,194.6,Dy,,ppm,<,10.0,-10.0,<10,CORE,ARM40M,408
8440823,120479,194.5,194.6,Er,,ppm,<,10.0,-10.0,<10,CORE,ARM40M,409
8440823,120479,194.5,194.6,Eu,,ppm,<,2.0,-2.0,<2,CORE,ARM40M,410
8440823,120479,194.5,194.6,Ga,10.5,ppm,=,,10.5,10.5,CORE,ARM40M,411
8440823,120479,194.5,194.6,Gd,5.0,ppm,=,,5.0,5,CORE,ARM40M,412
8440823,120479,194.5,194.6,Hg,,ppm,<,0.5,-0.5,<0.5,CORE,ARM40M,413
8440823,120479,194.5,194.6,Ho,,ppm,<,5.0,-5.0,<5,CORE,ARM40M,414
8440823,120479,194.5,194.6,In,,ppm,<,0.5,-0.5,<0.5,CORE,ARM40M,415
8440823,120479,194.5,194.6,La,27.0,ppm,=,,27.0,27,CORE,ARM40M,416
8440823,120479,194.5,194.6,Lu,,ppm,<,5.0,-5.0,<5,CORE,ARM40M,417
8440823,120479,194.5,194.6,Mo,0.8,ppm,=,,0.8,0.8,CORE,ARM40M,418
8440823,120479,194.5,194.6,Nd,20.0,ppm,=,,20.0,20,CORE,ARM40M,419
8440823,120479,194.5,194.6,Ni,13.0,ppm,=,,13.0,13,CORE,ARM40M,420
8440823,120479,194.5,194.6,Pb,3.5,ppm,=,,3.5,3.5,CORE,ARM40,421
8440823,120479,194.5,194.6,Pr,,ppm,<,5.0,-5.0,<5,CORE,ARM40M,422
8440823,120479,194.5,194.6,Pt,,ppb,<,0.01,-0.01,<0.01,CORE,ARM40M,423
8440823,120479,194.5,194.6,Rb,2.9,ppm,=,,2.9,2.9,CORE,ARM40M,424
8440823,120479,194.5,194.6,Ru,,ppm,<,5.0,-5.0,<5,CORE,ARM40M,425
8440823,120479,194.5,194.6,Sb,,ppm,<,0.1,-0.1,<0.1,CORE,ARM40M,426
8440823,120479,194.5,194.6,Sc,6.0,ppm,=,,6.0,6,CORE,ARM40M,427
8440823,120479,194.5,194.6,Se,,ppm,<,0.5,-0.5,<0.5,CORE,ARM40M,428
8440823,120479,194.5,194.6,Sm,,ppm,<,10.0,-10.0,<10,CORE,ARM40M,429
8440823,120479,194.5,194.6,Sn,2.0,ppm,=,,2.0,2,CORE,ARM40M,430
8440823,120479,194.5,194.6,Sr,26.0,ppm,=,,26.0,26,CORE,ARM40M,431
8440823,120479,194.5,194.6,Tb,,ppm,<,5.0,-5.0,<5,CORE,ARM40M,432
8440823,120479,194.5,194.6,Te,,ppm,<,0.2,-0.2,<0.2,CORE,ARM40M,433
8440823,120479,194.5,194.6,Th,9.5,ppm,=,,9.5,9.5,CORE,ARM40M,434
8440823,120479,194.5,194.6,Tl,,ppm,<,0.1,-0.1,<0.1,CORE,ARM40M,435
8440823,120479,194.5,194.6,Tm,,ppm,<,5.0,-5.0,<5,CORE,ARM40M,436
8440823,120479,194.5,194.6,U,1.65,ppm,=,,1.65,1.65,CORE,ARM40M,437
8440823,120479,194.5,194.6,W,,ppm,<,0.5,-0.5,<0.5,CORE,ARM40M,438
8440823,120479,194.5,194.6,Y,21.0,ppm,=,,21.0,21,CORE,ARM40M,439
8440823,120479,194.5,194.6,Zn,170.0,ppm,=,,170.0,170,CORE,ARM40M,440
8440823,120479,194.5,194.6,Zr,15.5,ppm,=,,15.5,15.5,CORE,ARM40M,441
8440823,120480,199.5,199.6,Ag,0.05,ppm,=,,0.05,0.05,CORE,ARM40M,442
8440823,120480,199.5,199.6,As,0.5,ppm,=,,0.5,0.5,CORE,ARM40M,443
8440823,120480,199.5,199.6,Au,2.0,ppb,=,,2.0,2,CORE,ARM40M,444
8440823,120480,199.5,199.6,Ba,22.0,ppm,=,,22.0,22,CORE,ARM40M,445
8440823,120480,199.5,199.6,Bi,,ppm,<,0.1,-0.1,<0.1,CORE,ARM40M,446
8440823,120480,199.5,199.6,Cd,,ppm,<,0.1,-0.1,<0.1,CORE,ARM40M,447
8440823,120480,199.5,199.6,Ce,55.0,ppm,=,,55.0,55,CORE,ARM40M,448
8440823,120480,199.5,199.6,Co,28.5,ppm,=,,28.5,28.5,CORE,ARM40M,449
8440823,120480,199.5,199.6,Cs,0.5,ppm,=,,0.5,0.5,CORE,ARM40M,450
8440823,120480,199.5,199.6,Cu,33.0,ppm,=,,33.0,33,CORE,ARM40M,451
8440823,120480,199.5,199.6,Dy,,ppm,<,10.0,-10.0,<10,CORE,ARM40M,452
8440823,120480,199.5,199.6,Er,,ppm,<,10.0,-10.0,<10,CORE,ARM40M,453
8440823,120480,199.5,199.6,Eu,,ppm,<,2.0,-2.0,<2,CORE,ARM40M,454
8440823,120480,199.5,199.6,Ga,10.5,ppm,=,,10.5,10.5,CORE,ARM40M,455
8440823,120480,199.5,199.6,Gd,5.0,ppm,=,,5.0,5,CORE,ARM40M,456
8440823,120480,199.5,199.6,Hg,,ppm,<,0.5,-0.5,<0.5,CORE,ARM40M,457
8440823,120480,199.5,199.6,Ho,,ppm,<,5.0,-5.0,<5,CORE,ARM40M,458
8440823,120480,199.5,199.6,In,,ppm,<,0.5,-0.5,<0.5,CORE,ARM40M,459
8440823,120480,199.5,199.6,La,28.0,ppm,=,,28.0,28,CORE,ARM40M,460
8440823,120480,199.5,199.6,Lu,,ppm,<,5.0,-5.0,<5,CORE,ARM40M,461
8440823,120480,199.5,199.6,Mo,1.0,ppm,=,,1.0,1,CORE,ARM40M,462
8440823,120480,199.5,199.6,Nd,20.0,ppm,=,,20.0,20,CORE,ARM40M,463
8440823,120480,199.5,199.6,Ni,12.0,ppm,=,,12.0,12,CORE,ARM40M,464
8440823,120480,199.5,199.6,Pb,4.0,ppm,=,,4.0,4,CORE,ARM40,465
8440823,120480,199.5,199.6,Pr,,ppm,<,5.0,-5.0,<5,CORE,ARM40M,466
8440823,120480,199.5,199.6,Pt,,ppb,<,0.01,-0.01,<0.01,CORE,ARM40M,467
8440823,120480,199.5,199.6,Rb,3.0,ppm,=,,3.0,3,CORE,ARM40M,468
8440823,120480,199.5,199.6,Ru,,ppm,<,5.0,-5.0,<5,CORE,ARM40M,469
8440823,120480,199.5,199.6,Sb,,ppm,<,0.1,-0.1,<0.1,CORE,ARM40M,470
8440823,120480,199.5,199.6,Sc,5.0,ppm,=,,5.0,5,CORE,ARM40M,471
8440823,120480,199.5,199.6,Se,,ppm,<,0.5,-0.5,<0.5,CORE,ARM40M,472
8440823,120480,199.5,199.6,Sm,,ppm,<,10.0,-10.0,<10,CORE,ARM40M,473
8440823,120480,199.5,199.6,Sn,2.0,ppm,=,,2.0,2,CORE,ARM40M,474
8440823,120480,199.5,199.6,Sr,22.0,ppm,=,,22.0,22,CORE,ARM40M,475
8440823,120480,199.5,199.6,Tb,,ppm,<,5.0,-5.0,<5,CORE,ARM40M,476
8440823,120480,199.5,199.6,Te,,ppm,<,0.2,-0.2,<0.2,CORE,ARM40M,477
8440823,120480,199.5,199.6,Th,10.0,ppm,=,,10.0,10,CORE,ARM40M,478
8440823,120480,199.5,199.6,Tl,,ppm,<,0.1,-0.1,<0.1,CORE,ARM40M,479
8440823,120480,199.5,199.6,Tm,,ppm,<,5.0,-5.0,<5,CORE,ARM40M,480
8440823,120480,199.5,199.6,U,1.8,ppm,=,,1.8,1.8,CORE,ARM40M,481
8440823,120480,199.5,199.6,W,,ppm,<,0.5,-0.5,<0.5,CORE,ARM40M,482
8440823,120480,199.5,199.6,Y,22.0,ppm,=,,22.0,22,CORE,ARM40M,483
8440823,120480,199.5,199.6,Zn,105.0,ppm,=,,105.0,105,CORE,ARM40M,484
8440823,120480,199.5,199.6,Zr,9.5,ppm,=,,9.5,9.5,CORE,ARM40M,485
8440823,120481,204.5,204.6,Ag,,ppm,<,0.05,-0.05,<0.05,CORE,ARM40M,486
8440823,120481,204.5,204.6,As,,ppm,<,0.5,-0.5,<0.5,CORE,ARM40M,487
8440823,120481,204.5,204.6,Au,1.0,ppb,=,,1.0,1,CORE,ARM40M,488
8440823,120481,204.5,204.6,Ba,22.0,ppm,=,,22.0,22,CORE,ARM40M,489
8440823,120481,204.5,204.6,Bi,,ppm,<,0.1,-0.1,<0.1,CORE,ARM40M,490
8440823,120481,204.5,204.6,Cd,,ppm,<,0.1,-0.1,<0.1,CORE,ARM40M,491
8440823,120481,204.5,204.6,Ce,55.0,ppm,=,,55.0,55,CORE,ARM40M,492
8440823,120481,204.5,204.6,Co,26.0,ppm,=,,26.0,26,CORE,ARM40M,493
8440823,120481,204.5,204.6,Cs,0.4,ppm,=,,0.4,0.4,CORE,ARM40M,494
8440823,120481,204.5,204.6,Cu,38.0,ppm,=,,38.0,38,CORE,ARM40M,495
8440823,120481,204.5,204.6,Dy,,ppm,<,10.0,-10.0,<10,CORE,ARM40M,496
8440823,120481,204.5,204.6,Er,,ppm,<,10.0,-10.0,<10,CORE,ARM40M,497
8440823,120481,204.5,204.6,Eu,,ppm,<,2.0,-2.0,<2,CORE,ARM40M,498
8440823,120481,204.5,204.6,Ga,10.0,ppm,=,,10.0,10,CORE,ARM40M,499
8440823,120481,204.5,204.6,Gd,5.0,ppm,=,,5.0,5,CORE,ARM40M,500
8440823,120481,204.5,204.6,Hg,,ppm,<,0.5,-0.5,<0.5,CORE,ARM40M,501
8440823,120481,204.5,204.6,Ho,,ppm,<,5.0,-5.0,<5,CORE,ARM40M,502
8440823,120481,204.5,204.6,In,,ppm,<,0.5,-0.5,<0.5,CORE,ARM40M,503
8440823,120481,204.5,204.6,La,25.0,ppm,=,,25.0,25,CORE,ARM40M,504
8440823,120481,204.5,204.6,Lu,,ppm,<,5.0,-5.0,<5,CORE,ARM40M,505
8440823,120481,204.5,204.6,Mo,0.8,ppm,=,,0.8,0.8,CORE,ARM40M,506
8440823,120481,204.5,204.6,Nd,20.0,ppm,=,,20.0,20,CORE,ARM40M,507
8440823,120481,204.5,204.6,Ni,11.0,ppm,=,,11.0,11,CORE,ARM40M,508
8440823,120481,204.5,204.6,Pb,3.5,ppm,=,,3.5,3.5,CORE,ARM40,509
8440823,120481,204.5,204.6,Pr,,ppm,<,5.0,-5.0,<5,CORE,ARM40M,510
8440823,120481,204.5,204.6,Pt,,ppb,<,0.01,-0.01,<0.01,CORE,ARM40M,511
8440823,120481,204.5,204.6,Rb,3.1,ppm,=,,3.1,3.1,CORE,ARM40M,512
8440823,120481,204.5,204.6,Ru,,ppm,<,5.0,-5.0,<5,CORE,ARM40M,513
8440823,120481,204.5,204.6,Sb,,ppm,<,0.1,-0.1,<0.1,CORE,ARM40M,514
8440823,120481,204.5,204.6,Sc,5.5,ppm,=,,5.5,5.5,CORE,ARM40M,515
8440823,120481,204.5,204.6,Se,,ppm,<,0.5,-0.5,<0.5,CORE,ARM40M,516
8440823,120481,204.5,204.6,Sm,,ppm,<,10.0,-10.0,<10,CORE,ARM40M,517
8440823,120481,204.5,204.6,Sn,2.0,ppm,=,,2.0,2,CORE,ARM40M,518
8440823,120481,204.5,204.6,Sr,22.0,ppm,=,,22.0,22,CORE,ARM40M,519
8440823,120481,204.5,204.6,Tb,,ppm,<,5.0,-5.0,<5,CORE,ARM40M,520
8440823,120481,204.5,204.6,Te,,ppm,<,0.2,-0.2,<0.2,CORE,ARM40M,521
8440823,120481,204.5,204.6,Th,10.0,ppm,=,,10.0,10,CORE,ARM40M,522
8440823,120481,204.5,204.6,Tl,,ppm,<,0.1,-0.1,<0.1,CORE,ARM40M,523
8440823,120481,204.5,204.6,Tm,,ppm,<,5.0,-5.0,<5,CORE,ARM40M,524
8440823,120481,204.5,204.6,U,1.65,ppm,=,,1.65,1.65,CORE,ARM40M,525
8440823,120481,204.5,204.6,W,,ppm,<,0.5,-0.5,<0.5,CORE,ARM40M,526
8440823,120481,204.5,204.6,Y,22.0,ppm,=,,22.0,22,CORE,ARM40M,527
8440823,120481,204.5,204.6,Zn,85.0,ppm,=,,85.0,85,CORE,ARM40M,528
8440823,120481,204.5,204.6,Zr,4.5,ppm,=,,4.5,4.5,CORE,ARM40M,529
8440823,120482,209.5,209.6,Ag,0.1,ppm,=,,0.1,0.1,CORE,ARM40M,530
8440823,120482,209.5,209.6,As,0.5,ppm,=,,0.5,0.5,CORE,ARM40M,531
8440823,120482,209.5,209.6,Au,3.0,ppb,=,,3.0,3,CORE,ARM40M,532
8440823,120482,209.5,209.6,Ba,20.0,ppm,=,,20.0,20,CORE,ARM40M,533
8440823,120482,209.5,209.6,Bi,,ppm,<,0.1,-0.1,<0.1,CORE,ARM40M,534
8440823,120482,209.5,209.6,Cd,,ppm,<,0.1,-0.1,<0.1,CORE,ARM40M,535
8440823,120482,209.5,209.6,Ce,55.0,ppm,=,,55.0,55,CORE,ARM40M,536
8440823,120482,209.5,209.6,Co,28.0,ppm,=,,28.0,28,CORE,ARM40M,537
8440823,120482,209.5,209.6,Cs,0.5,ppm,=,,0.5,0.5,CORE,ARM40M,538
8440823,120482,209.5,209.6,Cu,36.0,ppm,=,,36.0,36,CORE,ARM40M,539
8440823,120482,209.5,209.6,Dy,,ppm,<,10.0,-10.0,<10,CORE,ARM40M,540
8440823,120482,209.5,209.6,Er,,ppm,<,10.0,-10.0,<10,CORE,ARM40M,541
8440823,120482,209.5,209.6,Eu,,ppm,<,2.0,-2.0,<2,CORE,ARM40M,542
8440823,120482,209.5,209.6,Ga,10.5,ppm,=,,10.5,10.5,CORE,ARM40M,543
8440823,120482,209.5,209.6,Gd,5.0,ppm,=,,5.0,5,CORE,ARM40M,544
8440823,120482,209.5,209.6,Hg,,ppm,<,0.5,-0.5,<0.5,CORE,ARM40M,545
8440823,120482,209.5,209.6,Ho,,ppm,<,5.0,-5.0,<5,CORE,ARM40M,546
8440823,120482,209.5,209.6,In,,ppm,<,0.5,-0.5,<0.5,CORE,ARM40M,547
8440823,120482,209.5,209.6,La,27.5,ppm,=,,27.5,27.5,CORE,ARM40M,548
8440823,120482,209.5,209.6,Lu,,ppm,<,5.0,-5.0,<5,CORE,ARM40M,549
8440823,120482,209.5,209.6,Mo,0.8,ppm,=,,0.8,0.8,CORE,ARM40M,550
8440823,120482,209.5,209.6,Nd,20.0,ppm,=,,20.0,20,CORE,ARM40M,551
8440823,120482,209.5,209.6,Ni,12.0,ppm,=,,12.0,12,CORE,ARM40M,552
8440823,120482,209.5,209.6,Pb,4.0,ppm,=,,4.0,4,CORE,ARM40,553
8440823,120482,209.5,209.6,Pr,,ppm,<,5.0,-5.0,<5,CORE,ARM40M,554
8440823,120482,209.5,209.6,Pt,,ppb,<,0.01,-0.01,<0.01,CORE,ARM40M,555
8440823,120482,209.5,209.6,Rb,2.8,ppm,=,,2.8,2.8,CORE,ARM40M,556
8440823,120482,209.5,209.6,Ru,,ppm,<,5.0,-5.0,<5,CORE,ARM40M,557
8440823,120482,209.5,209.6,Sb,,ppm,<,0.1,-0.1,<0.1,CORE,ARM40M,558
8440823,120482,209.5,209.6,Sc,5.5,ppm,=,,5.5,5.5,CORE,ARM40M,559
8440823,120482,209.5,209.6,Se,,ppm,<,0.5,-0.5,<0.5,CORE,ARM40M,560
8440823,120482,209.5,209.6,Sm,,ppm,<,10.0,-10.0,<10,CORE,ARM40M,561
8440823,120482,209.5,209.6,Sn,2.0,ppm,=,,2.0,2,CORE,ARM40M,562
8440823,120482,209.5,209.6,Sr,22.0,ppm,=,,22.0,22,CORE,ARM40M,563
8440823,120482,209.5,209.6,Tb,,ppm,<,5.0,-5.0,<5,CORE,ARM40M,564
8440823,120482,209.5,209.6,Te,,ppm,<,0.2,-0.2,<0.2,CORE,ARM40M,565
8440823,120482,209.5,209.6,Th,11.0,ppm,=,,11.0,11,CORE,ARM40M,566
8440823,120482,209.5,209.6,Tl,,ppm,<,0.1,-0.1,<0.1,CORE,ARM40M,567
8440823,120482,209.5,209.6,Tm,,ppm,<,5.0,-5.0,<5,CORE,ARM40M,568
8440823,120482,209.5,209.6,U,1.85,ppm,=,,1.85,1.85,CORE,ARM40M,569
8440823,120482,209.5,209.6,W,,ppm,<,0.5,-0.5,<0.5,CORE,ARM40M,570
8440823,120482,209.5,209.6,Y,23.5,ppm,=,,23.5,23.5,CORE,ARM40M,571
8440823,120482,209.5,209.6,Zn,135.0,ppm,=,,135.0,135,CORE,ARM40M,572
8440823,120482,209.5,209.6,Zr,9.5,ppm,=,,9.5,9.5,CORE,ARM40M,573
8440823,120483,212.61,212.72,Ag,,ppm,<,0.05,-0.05,<0.05,CORE,ARM40M,574
8440823,120483,212.61,212.72,As,1.5,ppm,=,,1.5,1.5,CORE,ARM40M,575
8440823,120483,212.61,212.72,Au,3.0,ppb,=,,3.0,3,CORE,ARM40M,576
8440823,120483,212.61,212.72,Bi,,ppm,<,0.1,-0.1,<0.1,CORE,ARM40M,577
8440823,120483,212.61,212.72,Co,42.5,ppm,=,,42.5,42.5,CORE,ARM40M,578
8440823,120483,212.61,212.72,Cu,6.0,ppm,=,,6.0,6,CORE,ARM40M,579
8440823,120483,212.61,212.72,Mo,1.4,ppm,=,,1.4,1.4,CORE,ARM40M,580
8440823,120483,212.61,212.72,Pb,5.5,ppm,=,,5.5,5.5,CORE,ARM40,581
8440823,120483,212.61,212.72,Sb,,ppm,<,0.1,-0.1,<0.1,CORE,ARM40M,582
8440823,120483,212.61,212.72,Se,,ppm,<,0.5,-0.5,<0.5,CORE,ARM40M,583
8440823,120483,212.61,212.72,U,2.3,ppm,=,,2.3,2.3,CORE,ARM40M,584
8440823,120483,212.61,212.72,Zn,34.0,ppm,=,,34.0,34,CORE,ARM40M,585
8440823,120484,212.72,212.94,Ag,,ppm,<,0.05,-0.05,<0.05,CORE,ARM40M,586
8440823,120484,212.72,212.94,As,2.0,ppm,=,,2.0,2,CORE,ARM40M,587
8440823,120484,212.72,212.94,Au,3.0,ppb,=,,3.0,3,CORE,ARM40M,588
8440823,120484,212.72,212.94,Bi,,ppm,<,0.1,-0.1,<0.1,CORE,ARM40M,589
8440823,120484,212.72,212.94,Co,31.5,ppm,=,,31.5,31.5,CORE,ARM40M,590
8440823,120484,212.72,212.94,Cu,3.0,ppm,=,,3.0,3,CORE,ARM40M,591
8440823,120484,212.72,212.94,Mo,1.2,ppm,=,,1.2,1.2,CORE,ARM40M,592
8440823,120484,212.72,212.94,Pb,5.5,ppm,=,,5.5,5.5,CORE,ARM40,593
8440823,120484,212.72,212.94,Sb,,ppm,<,0.1,-0.1,<0.1,CORE,ARM40M,594
8440823,120484,212.72,212.94,Se,,ppm,<,0.5,-0.5,<0.5,CORE,ARM40M,595
8440823,120484,212.72,212.94,U,2.1,ppm,=,,2.1,2.1,CORE,ARM40M,596
8440823,120484,212.72,212.94,Zn,30.0,ppm,=,,30.0,30,CORE,ARM40M,597
8440823,120485,215.04,215.36,Ag,,ppm,<,0.05,-0.05,<0.05,CORE,ARM40M,598
8440823,120485,215.04,215.36,As,,ppm,<,0.5,-0.5,<0.5,CORE,ARM40M,599
8440823,120485,215.04,215.36,Au,2.0,ppb,=,,2.0,2,CORE,ARM40M,600
8440823,120485,215.04,215.36,Bi,,ppm,<,0.1,-0.1,<0.1,CORE,ARM40M,601
8440823,120485,215.04,215.36,Co,31.5,ppm,=,,31.5,31.5,CORE,ARM40M,602
8440823,120485,215.04,215.36,Cu,7.0,ppm,=,,7.0,7,CORE,ARM40M,603
8440823,120485,215.04,215.36,Mo,1.0,ppm,=,,1.0,1,CORE,ARM40M,604
8440823,120485,215.04,215.36,Pb,5.0,ppm,=,,5.0,5,CORE,ARM40,605
8440823,120485,215.04,215.36,Sb,,ppm,<,0.1,-0.1,<0.1,CORE,ARM40M,606
8440823,120485,215.04,215.36,Se,,ppm,<,0.5,-0.5,<0.5,CORE,ARM40M,607
8440823,120485,215.04,215.36,U,2.1,ppm,=,,2.1,2.1,CORE,ARM40M,608
8440823,120485,215.04,215.36,Zn,25.0,ppm,=,,25.0,25,CORE,ARM40M,609
8440823,120486,215.36,215.71,Ag,,ppm,<,0.05,-0.05,<0.05,CORE,ARM40M,610
8440823,120486,215.36,215.71,As,2.0,ppm,=,,2.0,2,CORE,ARM40M,611
8440823,120486,215.36,215.71,Au,3.0,ppb,=,,3.0,3,CORE,ARM40M,612
8440823,120486,215.36,215.71,Bi,,ppm,<,0.1,-0.1,<0.1,CORE,ARM40M,613
8440823,120486,215.36,215.71,Co,37.0,ppm,=,,37.0,37,CORE,ARM40M,614
8440823,120486,215.36,215.71,Cu,6.0,ppm,=,,6.0,6,CORE,ARM40M,615
8440823,120486,215.36,215.71,Mo,1.0,ppm,=,,1.0,1,CORE,ARM40M,616
8440823,120486,215.36,215.71,Pb,5.5,ppm,=,,5.5,5.5,CORE,ARM40,617
8440823,120486,215.36,215.71,Sb,,ppm,<,0.1,-0.1,<0.1,CORE,ARM40M,618
8440823,120486,215.36,215.71,Se,,ppm,<,0.5,-0.5,<0.5,CORE,ARM40M,619
8440823,120486,215.36,215.71,U,1.9,ppm,=,,1.9,1.9,CORE,ARM40M,620
8440823,120486,215.36,215.71,Zn,26.0,ppm,=,,26.0,26,CORE,ARM40M,621
8440823,120487,217.41,217.58,Ag,0.1,ppm,=,,0.1,0.1,CORE,ARM40M,622
8440823,120487,217.41,217.58,As,0.5,ppm,=,,0.5,0.5,CORE,ARM40M,623
8440823,120487,217.41,217.58,Au,3.0,ppb,=,,3.0,3,CORE,ARM40M,624
8440823,120487,217.41,217.58,Bi,,ppm,<,0.1,-0.1,<0.1,CORE,ARM40M,625
8440823,120487,217.41,217.58,Co,36.0,ppm,=,,36.0,36,CORE,ARM40M,626
8440823,120487,217.41,217.58,Cu,5.0,ppm,=,,5.0,5,CORE,ARM40M,627
8440823,120487,217.41,217.58,Mo,1.0,ppm,=,,1.0,1,CORE,ARM40M,628
8440823,120487,217.41,217.58,Pb,5.0,ppm,=,,5.0,5,CORE,ARM40,629
8440823,120487,217.41,217.58,Sb,,ppm,<,0.1,-0.1,<0.1,CORE,ARM40M,630
8440823,120487,217.41,217.58,Se,,ppm,<,0.5,-0.5,<0.5,CORE,ARM40M,631
8440823,120487,217.41,217.58,U,1.95,ppm,=,,1.95,1.95,CORE,ARM40M,632
8440823,120487,217.41,217.58,Zn,39.0,ppm,=,,39.0,39,CORE,ARM40M,633
8440823,120488,219.21,219.37,Ag,,ppm,<,0.05,-0.05,<0.05,CORE,ARM40M,634
8440823,120488,219.21,219.37,As,1.0,ppm,=,,1.0,1,CORE,ARM40M,635
8440823,120488,219.21,219.37,Au,2.0,ppb,=,,2.0,2,CORE,ARM40M,636
8440823,120488,219.21,219.37,Bi,,ppm,<,0.1,-0.1,<0.1,CORE,ARM40M,637
8440823,120488,219.21,219.37,Co,31.5,ppm,=,,31.5,31.5,CORE,ARM40M,638
8440823,120488,219.21,219.37,Cu,25.0,ppm,=,,25.0,25,CORE,ARM40M,639
8440823,120488,219.21,219.37,Mo,1.0,ppm,=,,1.0,1,CORE,ARM40M,640
8440823,120488,219.21,219.37,Pb,5.5,ppm,=,,5.5,5.5,CORE,ARM40,641
8440823,120488,219.21,219.37,Sb,,ppm,<,0.1,-0.1,<0.1,CORE,ARM40M,642
8440823,120488,219.21,219.37,Se,,ppm,<,0.5,-0.5,<0.5,CORE,ARM40M,643
8440823,120488,219.21,219.37,U,1.85,ppm,=,,1.85,1.85,CORE,ARM40M,644
8440823,120488,219.21,219.37,Zn,105.0,ppm,=,,105.0,105,CORE,ARM40M,645
8440823,120489,219.77,219.84,Ag,,ppm,<,0.05,-0.05,<0.05,CORE,ARM40M,646
8440823,120489,219.77,219.84,As,2.0,ppm,=,,2.0,2,CORE,ARM40M,647
8440823,120489,219.77,219.84,Au,1.0,ppb,=,,1.0,1,CORE,ARM40M,648
8440823,120489,219.77,219.84,Bi,,ppm,<,0.1,-0.1,<0.1,CORE,ARM40M,649
8440823,120489,219.77,219.84,Co,31.5,ppm,=,,31.5,31.5,CORE,ARM40M,650
8440823,120489,219.77,219.84,Cu,17.0,ppm,=,,17.0,17,CORE,ARM40M,651
8440823,120489,219.77,219.84,Mo,0.8,ppm,=,,0.8,0.8,CORE,ARM40M,652
8440823,120489,219.77,219.84,Pb,4.5,ppm,=,,4.5,4.5,CORE,ARM40,653
8440823,120489,219.77,219.84,Sb,,ppm,<,0.1,-0.1,<0.1,CORE,ARM40M,654
8440823,120489,219.77,219.84,Se,,ppm,<,0.5,-0.5,<0.5,CORE,ARM40M,655
8440823,120489,219.77,219.84,U,1.9,ppm,=,,1.9,1.9,CORE,ARM40M,656
8440823,120489,219.77,219.84,Zn,85.0,ppm,=,,85.0,85,CORE,ARM40M,657
8440823,120490,224.5,224.6,Ag,0.1,ppm,=,,0.1,0.1,CORE,ARM40M,658
8440823,120490,224.5,224.6,As,,ppm,<,0.5,-0.5,<0.5,CORE,ARM40M,659
8440823,120490,224.5,224.6,Au,1.0,ppb,=,,1.0,1,CORE,ARM40M,660
8440823,120490,224.5,224.6,Ba,34.0,ppm,=,,34.0,34,CORE,ARM40M,661
8440823,120490,224.5,224.6,Bi,,ppm,<,0.1,-0.1,<0.1,CORE,ARM40M,662
8440823,120490,224.5,224.6,Cd,,ppm,<,0.1,-0.1,<0.1,CORE,ARM40M,663
8440823,120490,224.5,224.6,Ce,50.0,ppm,=,,50.0,50,CORE,ARM40M,664
8440823,120490,224.5,224.6,Co,31.5,ppm,=,,31.5,31.5,CORE,ARM40M,665
8440823,120490,224.5,224.6,Cs,1.0,ppm,=,,1.0,1,CORE,ARM40M,666
8440823,120490,224.5,224.6,Cu,29.0,ppm,=,,29.0,29,CORE,ARM40M,667
8440823,120490,224.5,224.6,Dy,,ppm,<,10.0,-10.0,<10,CORE,ARM40M,668
8440823,120490,224.5,224.6,Er,,ppm,<,10.0,-10.0,<10,CORE,ARM40M,669
8440823,120490,224.5,224.6,Eu,,ppm,<,2.0,-2.0,<2,CORE,ARM40M,670
8440823,120490,224.5,224.6,Ga,10.0,ppm,=,,10.0,10,CORE,ARM40M,671
8440823,120490,224.5,224.6,Gd,5.0,ppm,=,,5.0,5,CORE,ARM40M,672
8440823,120490,224.5,224.6,Hg,,ppm,<,0.5,-0.5,<0.5,CORE,ARM40M,673
8440823,120490,224.5,224.6,Ho,,ppm,<,5.0,-5.0,<5,CORE,ARM40M,674
8440823,120490,224.5,224.6,In,,ppm,<,0.5,-0.5,<0.5,CORE,ARM40M,675
8440823,120490,224.5,224.6,La,23.5,ppm,=,,23.5,23.5,CORE,ARM40M,676
8440823,120490,224.5,224.6,Lu,,ppm,<,5.0,-5.0,<5,CORE,ARM40M,677
8440823,120490,224.5,224.6,Mo,0.8,ppm,=,,0.8,0.8,CORE,ARM40M,678
8440823,120490,224.5,224.6,Nd,20.0,ppm,=,,20.0,20,CORE,ARM40M,679
8440823,120490,224.5,224.6,Ni,20.0,ppm,=,,20.0,20,CORE,ARM40M,680
8440823,120490,224.5,224.6,Pb,3.5,ppm,=,,3.5,3.5,CORE,ARM40,681
8440823,120490,224.5,224.6,Pr,,ppm,<,5.0,-5.0,<5,CORE,ARM40M,682
8440823,120490,224.5,224.6,Pt,,ppb,<,0.01,-0.01,<0.01,CORE,ARM40M,683
8440823,120490,224.5,224.6,Rb,3.1,ppm,=,,3.1,3.1,CORE,ARM40M,684
8440823,120490,224.5,224.6,Ru,,ppm,<,5.0,-5.0,<5,CORE,ARM40M,685
8440823,120490,224.5,224.6,Sb,,ppm,<,0.1,-0.1,<0.1,CORE,ARM40M,686
8440823,120490,224.5,224.6,Sc,5.5,ppm,=,,5.5,5.5,CORE,ARM40M,687
8440823,120490,224.5,224.6,Se,,ppm,<,0.5,-0.5,<0.5,CORE,ARM40M,688
8440823,120490,224.5,224.6,Sm,,ppm,<,10.0,-10.0,<10,CORE,ARM40M,689
8440823,120490,224.5,224.6,Sn,2.0,ppm,=,,2.0,2,CORE,ARM40M,690
8440823,120490,224.5,224.6,Sr,44.0,ppm,=,,44.0,44,CORE,ARM40M,691
8440823,120490,224.5,224.6,Tb,,ppm,<,5.0,-5.0,<5,CORE,ARM40M,692
8440823,120490,224.5,224.6,Te,,ppm,<,0.2,-0.2,<0.2,CORE,ARM40M,693
8440823,120490,224.5,224.6,Th,9.5,ppm,=,,9.5,9.5,CORE,ARM40M,694
8440823,120490,224.5,224.6,Tl,,ppm,<,0.1,-0.1,<0.1,CORE,ARM40M,695
8440823,120490,224.5,224.6,Tm,,ppm,<,5.0,-5.0,<5,CORE,ARM40M,696
8440823,120490,224.5,224.6,U,1.55,ppm,=,,1.55,1.55,CORE,ARM40M,697
8440823,120490,224.5,224.6,W,,ppm,<,0.5,-0.5,<0.5,CORE,ARM40M,698
8440823,120490,224.5,224.6,Y,21.5,ppm,=,,21.5,21.5,CORE,ARM40M,699
8440823,120490,224.5,224.6,Zn,95.0,ppm,=,,95.0,95,CORE,ARM40M,700
8440823,120490,224.5,224.6,Zr,18.5,ppm,=,,18.5,18.5,CORE,ARM40M,701
8440823,120491,226.5,226.6,Ag,,ppm,<,0.05,-0.05,<0.05,CORE,ARM40M,702
8440823,120491,226.5,226.6,As,,ppm,<,0.5,-0.5,<0.5,CORE,ARM40M,703
8440823,120491,226.5,226.6,Au,,ppb,<,1.0,-1.0,<1,CORE,ARM40M,704
8440823,120491,226.5,226.6,Ba,36.0,ppm,=,,36.0,36,CORE,ARM40M,705
8440823,120491,226.5,226.6,Bi,,ppm,<,0.1,-0.1,<0.1,CORE,ARM40M,706
8440823,120491,226.5,226.6,Cd,,ppm,<,0.1,-0.1,<0.1,CORE,ARM40M,707
8440823,120491,226.5,226.6,Ce,46.0,ppm,=,,46.0,46,CORE,ARM40M,708
8440823,120491,226.5,226.6,Co,28.5,ppm,=,,28.5,28.5,CORE,ARM40M,709
8440823,120491,226.5,226.6,Cs,0.9,ppm,=,,0.9,0.9,CORE,ARM40M,710
8440823,120491,226.5,226.6,Cu,3.0,ppm,=,,3.0,3,CORE,ARM40M,711
8440823,120491,226.5,226.6,Dy,,ppm,<,10.0,-10.0,<10,CORE,ARM40M,712
8440823,120491,226.5,226.6,Er,,ppm,<,10.0,-10.0,<10,CORE,ARM40M,713
8440823,120491,226.5,226.6,Eu,,ppm,<,2.0,-2.0,<2,CORE,ARM40M,714
8440823,120491,226.5,226.6,Ga,9.5,ppm,=,,9.5,9.5,CORE,ARM40M,715
8440823,120491,226.5,226.6,Gd,,ppm,<,5.0,-5.0,<5,CORE,ARM40M,716
8440823,120491,226.5,226.6,Hg,,ppm,<,0.5,-0.5,<0.5,CORE,ARM40M,717
8440823,120491,226.5,226.6,Ho,,ppm,<,5.0,-5.0,<5,CORE,ARM40M,718
8440823,120491,226.5,226.6,In,,ppm,<,0.5,-0.5,<0.5,CORE,ARM40M,719
8440823,120491,226.5,226.6,La,21.5,ppm,=,,21.5,21.5,CORE,ARM40M,720
8440823,120491,226.5,226.6,Lu,,ppm,<,5.0,-5.0,<5,CORE,ARM40M,721
8440823,120491,226.5,226.6,Mo,0.6,ppm,=,,0.6,0.6,CORE,ARM40M,722
8440823,120491,226.5,226.6,Nd,15.0,ppm,=,,15.0,15,CORE,ARM40M,723
8440823,120491,226.5,226.6,Ni,19.0,ppm,=,,19.0,19,CORE,ARM40M,724
8440823,120491,226.5,226.6,Pb,4.5,ppm,=,,4.5,4.5,CORE,ARM40,725
8440823,120491,226.5,226.6,Pr,,ppm,<,5.0,-5.0,<5,CORE,ARM40M,726
8440823,120491,226.5,226.6,Pt,,ppb,<,0.01,-0.01,<0.01,CORE,ARM40M,727
8440823,120491,226.5,226.6,Rb,3.9,ppm,=,,3.9,3.9,CORE,ARM40M,728
8440823,120491,226.5,226.6,Ru,,ppm,<,5.0,-5.0,<5,CORE,ARM40M,729
8440823,120491,226.5,226.6,Sb,,ppm,<,0.1,-0.1,<0.1,CORE,ARM40M,730
8440823,120491,226.5,226.6,Sc,5.0,ppm,=,,5.0,5,CORE,ARM40M,731
8440823,120491,226.5,226.6,Se,,ppm,<,0.5,-0.5,<0.5,CORE,ARM40M,732
8440823,120491,226.5,226.6,Sm,,ppm,<,10.0,-10.0,<10,CORE,ARM40M,733
8440823,120491,226.5,226.6,Sn,1.0,ppm,=,,1.0,1,CORE,ARM40M,734
8440823,120491,226.5,226.6,Sr,38.0,ppm,=,,38.0,38,CORE,ARM40M,735
8440823,120491,226.5,226.6,Tb,,ppm,<,5.0,-5.0,<5,CORE,ARM40M,736
8440823,120491,226.5,226.6,Te,,ppm,<,0.2,-0.2,<0.2,CORE,ARM40M,737
8440823,120491,226.5,226.6,Th,8.0,ppm,=,,8.0,8,CORE,ARM40M,738
8440823,120491,226.5,226.6,Tl,,ppm,<,0.1,-0.1,<0.1,CORE,ARM40M,739
8440823,120491,226.5,226.6,Tm,,ppm,<,5.0,-5.0,<5,CORE,ARM40M,740
8440823,120491,226.5,226.6,U,1.35,ppm,=,,1.35,1.35,CORE,ARM40M,741
8440823,120491,226.5,226.6,W,,ppm,<,0.5,-0.5,<0.5,CORE,ARM40M,742
8440823,120491,226.5,226.6,Y,19.0,ppm,=,,19.0,19,CORE,ARM40M,743
8440823,120491,226.5,226.6,Zn,60.0,ppm,=,,60.0,60,CORE,ARM40M,744
8440823,120491,226.5,226.6,Zr,11.0,ppm,=,,11.0,11,CORE,ARM40M,745
8440823,120492,227.45,227.6,Ag,,ppm,<,0.05,-0.05,<0.05,CORE,ARM40M,746
8440823,120492,227.45,227.6,As,,ppm,<,0.5,-0.5,<0.5,CORE,ARM40M,747
8440823,120492,227.45,227.6,Au,1.0,ppb,=,,1.0,1,CORE,ARM40M,748
8440823,120492,227.45,227.6,Bi,,ppm,<,0.1,-0.1,<0.1,CORE,ARM40M,749
8440823,120492,227.45,227.6,Co,29.5,ppm,=,,29.5,29.5,CORE,ARM40M,750
8440823,120492,227.45,227.6,Cu,4.0,ppm,=,,4.0,4,CORE,ARM40M,751
8440823,120492,227.45,227.6,Mo,0.8,ppm,=,,0.8,0.8,CORE,ARM40M,752
8440823,120492,227.45,227.6,Pb,4.5,ppm,=,,4.5,4.5,CORE,ARM40,753
8440823,120492,227.45,227.6,Sb,,ppm,<,0.1,-0.1,<0.1,CORE,ARM40M,754
8440823,120492,227.45,227.6,Se,,ppm,<,0.5,-0.5,<0.5,CORE,ARM40M,755
8440823,120492,227.45,227.6,U,1.85,ppm,=,,1.85,1.85,CORE,ARM40M,756
8440823,120492,227.45,227.6,Zn,45.0,ppm,=,,45.0,45,CORE,ARM40M,757
8440823,120494,232.5,232.6,Ag,0.1,ppm,=,,0.1,0.1,CORE,ARM40M,758
8440823,120494,232.5,232.6,As,,ppm,<,0.5,-0.5,<0.5,CORE,ARM40M,759
8440823,120494,232.5,232.6,Au,1.0,ppb,=,,1.0,1,CORE,ARM40M,760
8440823,120494,232.5,232.6,Ba,28.0,ppm,=,,28.0,28,CORE,ARM40M,761
8440823,120494,232.5,232.6,Bi,,ppm,<,0.1,-0.1,<0.1,CORE,ARM40M,762
8440823,120494,232.5,232.6,Cd,,ppm,<,0.1,-0.1,<0.1,CORE,ARM40M,763
8440823,120494,232.5,232.6,Ce,43.5,ppm,=,,43.5,43.5,CORE,ARM40M,764
8440823,120494,232.5,232.6,Co,29.5,ppm,=,,29.5,29.5,CORE,ARM40M,765
8440823,120494,232.5,232.6,Cs,1.0,ppm,=,,1.0,1,CORE,ARM40M,766
8440823,120494,232.5,232.6,Cu,22.0,ppm,=,,22.0,22,CORE,ARM40M,767
8440823,120494,232.5,232.6,Dy,,ppm,<,10.0,-10.0,<10,CORE,ARM40M,768
8440823,120494,232.5,232.6,Er,,ppm,<,10.0,-10.0,<10,CORE,ARM40M,769
8440823,120494,232.5,232.6,Eu,,ppm,<,2.0,-2.0,<2,CORE,ARM40M,770
8440823,120494,232.5,232.6,Ga,9.5,ppm,=,,9.5,9.5,CORE,ARM40M,771
8440823,120494,232.5,232.6,Gd,,ppm,<,5.0,-5.0,<5,CORE,ARM40M,772
8440823,120494,232.5,232.6,Hg,,ppm,<,0.5,-0.5,<0.5,CORE,ARM40M,773
8440823,120494,232.5,232.6,Ho,,ppm,<,5.0,-5.0,<5,CORE,ARM40M,774
8440823,120494,232.5,232.6,In,,ppm,<,0.5,-0.5,<0.5,CORE,ARM40M,775
8440823,120494,232.5,232.6,La,20.5,ppm,=,,20.5,20.5,CORE,ARM40M,776
8440823,120494,232.5,232.6,Lu,,ppm,<,5.0,-5.0,<5,CORE,ARM40M,777
8440823,120494,232.5,232.6,Mo,0.8,ppm,=,,0.8,0.8,CORE,ARM40M,778
8440823,120494,232.5,232.6,Nd,15.0,ppm,=,,15.0,15,CORE,ARM40M,779
8440823,120494,232.5,232.6,Ni,19.0,ppm,=,,19.0,19,CORE,ARM40M,780
8440823,120494,232.5,232.6,Pb,4.0,ppm,=,,4.0,4,CORE,ARM40,781
8440823,120494,232.5,232.6,Pr,,ppm,<,5.0,-5.0,<5,CORE,ARM40M,782
8440823,120494,232.5,232.6,Pt,,ppb,<,0.01,-0.01,<0.01,CORE,ARM40M,783
8440823,120494,232.5,232.6,Rb,3.0,ppm,=,,3.0,3,CORE,ARM40M,784
8440823,120494,232.5,232.6,Ru,,ppm,<,5.0,-5.0,<5,CORE,ARM40M,785
8440823,120494,232.5,232.6,Sb,,ppm,<,0.1,-0.1,<0.1,CORE,ARM40M,786
8440823,120494,232.5,232.6,Sc,4.5,ppm,=,,4.5,4.5,CORE,ARM40M,787
8440823,120494,232.5,232.6,Se,,ppm,<,0.5,-0.5,<0.5,CORE,ARM40M,788
8440823,120494,232.5,232.6,Sm,,ppm,<,10.0,-10.0,<10,CORE,ARM40M,789
8440823,120494,232.5,232.6,Sn,1.0,ppm,=,,1.0,1,CORE,ARM40M,790
8440823,120494,232.5,232.6,Sr,31.0,ppm,=,,31.0,31,CORE,ARM40M,791
8440823,120494,232.5,232.6,Tb,,ppm,<,5.0,-5.0,<5,CORE,ARM40M,792
8440823,120494,232.5,232.6,Te,,ppm,<,0.2,-0.2,<0.2,CORE,ARM40M,793
8440823,120494,232.5,232.6,Th,8.0,ppm,=,,8.0,8,CORE,ARM40M,794
8440823,120494,232.5,232.6,Tl,,ppm,<,0.1,-0.1,<0.1,CORE,ARM40M,795
8440823,120494,232.5,232.6,Tm,,ppm,<,5.0,-5.0,<5,CORE,ARM40M,796
8440823,120494,232.5,232.6,U,1.4,ppm,=,,1.4,1.4,CORE,ARM40M,797
8440823,120494,232.5,232.6,W,,ppm,<,0.5,-0.5,<0.5,CORE,ARM40M,798
8440823,120494,232.5,232.6,Y,17.5,ppm,=,,17.5,17.5,CORE,ARM40M,799
8440823,120494,232.5,232.6,Zn,100.0,ppm,=,,100.0,100,CORE,ARM40M,800
8440823,120494,232.5,232.6,Zr,16.0,ppm,=,,16.0,16,CORE,ARM40M,801
8440823,120495,232.5,232.6,Ag,,ppm,<,0.05,-0.05,<0.05,CORE,ARM40M,802
8440823,120495,232.5,232.6,As,,ppm,<,0.5,-0.5,<0.5,CORE,ARM40M,803
8440823,120495,232.5,232.6,Au,1.0,ppb,=,,1.0,1,CORE,ARM40M,804
8440823,120495,232.5,232.6,Ba,26.0,ppm,=,,26.0,26,CORE,ARM40M,805
8440823,120495,232.5,232.6,Bi,,ppm,<,0.1,-0.1,<0.1,CORE,ARM40M,806
8440823,120495,232.5,232.6,Cd,,ppm,<,0.1,-0.1,<0.1,CORE,ARM40M,807
8440823,120495,232.5,232.6,Ce,42.0,ppm,=,,42.0,42,CORE,ARM40M,808
8440823,120495,232.5,232.6,Co,29.0,ppm,=,,29.0,29,CORE,ARM40M,809
8440823,120495,232.5,232.6,Cs,1.0,ppm,=,,1.0,1,CORE,ARM40M,810
8440823,120495,232.5,232.6,Cu,21.0,ppm,=,,21.0,21,CORE,ARM40M,811
8440823,120495,232.5,232.6,Dy,,ppm,<,10.0,-10.0,<10,CORE,ARM40M,812
8440823,120495,232.5,232.6,Er,,ppm,<,10.0,-10.0,<10,CORE,ARM40M,813
8440823,120495,232.5,232.6,Eu,,ppm,<,2.0,-2.0,<2,CORE,ARM40M,814
8440823,120495,232.5,232.6,Ga,9.5,ppm,=,,9.5,9.5,CORE,ARM40M,815
8440823,120495,232.5,232.6,Gd,,ppm,<,5.0,-5.0,<5,CORE,ARM40M,816
8440823,120495,232.5,232.6,Hg,,ppm,<,0.5,-0.5,<0.5,CORE,ARM40M,817
8440823,120495,232.5,232.6,Ho,,ppm,<,5.0,-5.0,<5,CORE,ARM40M,818
8440823,120495,232.5,232.6,In,,ppm,<,0.5,-0.5,<0.5,CORE,ARM40M,819
8440823,120495,232.5,232.6,La,20.0,ppm,=,,20.0,20,CORE,ARM40M,820
8440823,120495,232.5,232.6,Lu,,ppm,<,5.0,-5.0,<5,CORE,ARM40M,821
8440823,120495,232.5,232.6,Mo,0.6,ppm,=,,0.6,0.6,CORE,ARM40M,822
8440823,120495,232.5,232.6,Nd,15.0,ppm,=,,15.0,15,CORE,ARM40M,823
8440823,120495,232.5,232.6,Ni,18.0,ppm,=,,18.0,18,CORE,ARM40M,824
8440823,120495,232.5,232.6,Pb,3.5,ppm,=,,3.5,3.5,CORE,ARM40,825
8440823,120495,232.5,232.6,Pr,,ppm,<,5.0,-5.0,<5,CORE,ARM40M,826
8440823,120495,232.5,232.6,Pt,,ppb,<,0.01,-0.01,<0.01,CORE,ARM40M,827
8440823,120495,232.5,232.6,Rb,2.7,ppm,=,,2.7,2.7,CORE,ARM40M,828
8440823,120495,232.5,232.6,Ru,,ppm,<,5.0,-5.0,<5,CORE,ARM40M,829
8440823,120495,232.5,232.6,Sb,,ppm,<,0.1,-0.1,<0.1,CORE,ARM40M,830
8440823,120495,232.5,232.6,Sc,4.5,ppm,=,,4.5,4.5,CORE,ARM40M,831
8440823,120495,232.5,232.6,Se,,ppm,<,0.5,-0.5,<0.5,CORE,ARM40M,832
8440823,120495,232.5,232.6,Sm,,ppm,<,10.0,-10.0,<10,CORE,ARM40M,833
8440823,120495,232.5,232.6,Sn,1.0,ppm,=,,1.0,1,CORE,ARM40M,834
8440823,120495,232.5,232.6,Sr,30.0,ppm,=,,30.0,30,CORE,ARM40M,835
8440823,120495,232.5,232.6,Tb,,ppm,<,5.0,-5.0,<5,CORE,ARM40M,836
8440823,120495,232.5,232.6,Te,,ppm,<,0.2,-0.2,<0.2,CORE,ARM40M,837
8440823,120495,232.5,232.6,Th,8.0,ppm,=,,8.0,8,CORE,ARM40M,838
8440823,120495,232.5,232.6,Tl,,ppm,<,0.1,-0.1,<0.1,CORE,ARM40M,839
8440823,120495,232.5,232.6,Tm,,ppm,<,5.0,-5.0,<5,CORE,ARM40M,840
8440823,120495,232.5,232.6,U,1.4,ppm,=,,1.4,1.4,CORE,ARM40M,841
8440823,120495,232.5,232.6,W,,ppm,<,0.5,-0.5,<0.5,CORE,ARM40M,842
8440823,120495,232.5,232.6,Y,17.5,ppm,=,,17.5,17.5,CORE,ARM40M,843
8440823,120495,232.5,232.6,Zn,100.0,ppm,=,,100.0,100,CORE,ARM40M,844
8440823,120495,232.5,232.6,Zr,19.0,ppm,=,,19.0,19,CORE,ARM40M,845
8440823,120496,237.5,237.6,Ag,0.2,ppm,=,,0.2,0.2,CORE,ARM40M,846
8440823,120496,237.5,237.6,As,,ppm,<,0.5,-0.5,<0.5,CORE,ARM40M,847
8440823,120496,237.5,237.6,Au,1.0,ppb,=,,1.0,1,CORE,ARM40M,848
8440823,120496,237.5,237.6,Ba,28.0,ppm,=,,28.0,28,CORE,ARM40M,849
8440823,120496,237.5,237.6,Bi,,ppm,<,0.1,-0.1,<0.1,CORE,ARM40M,850
8440823,120496,237.5,237.6,Cd,,ppm,<,0.1,-0.1,<0.1,CORE,ARM40M,851
8440823,120496,237.5,237.6,Ce,46.5,ppm,=,,46.5,46.5,CORE,ARM40M,852
8440823,120496,237.5,237.6,Co,30.0,ppm,=,,30.0,30,CORE,ARM40M,853
8440823,120496,237.5,237.6,Cs,1.1,ppm,=,,1.1,1.1,CORE,ARM40M,854
8440823,120496,237.5,237.6,Cu,37.0,ppm,=,,37.0,37,CORE,ARM40M,855
8440823,120496,237.5,237.6,Dy,,ppm,<,10.0,-10.0,<10,CORE,ARM40M,856
8440823,120496,237.5,237.6,Er,,ppm,<,10.0,-10.0,<10,CORE,ARM40M,857
8440823,120496,237.5,237.6,Eu,,ppm,<,2.0,-2.0,<2,CORE,ARM40M,858
8440823,120496,237.5,237.6,Ga,9.0,ppm,=,,9.0,9,CORE,ARM40M,859
8440823,120496,237.5,237.6,Gd,,ppm,<,5.0,-5.0,<5,CORE,ARM40M,860
8440823,120496,237.5,237.6,Hg,,ppm,<,0.5,-0.5,<0.5,CORE,ARM40M,861
8440823,120496,237.5,237.6,Ho,,ppm,<,5.0,-5.0,<5,CORE,ARM40M,862
8440823,120496,237.5,237.6,In,,ppm,<,0.5,-0.5,<0.5,CORE,ARM40M,863
8440823,120496,237.5,237.6,La,22.0,ppm,=,,22.0,22,CORE,ARM40M,864
8440823,120496,237.5,237.6,Lu,,ppm,<,5.0,-5.0,<5,CORE,ARM40M,865
8440823,120496,237.5,237.6,Mo,0.8,ppm,=,,0.8,0.8,CORE,ARM40M,866
8440823,120496,237.5,237.6,Nd,15.0,ppm,=,,15.0,15,CORE,ARM40M,867
8440823,120496,237.5,237.6,Ni,17.0,ppm,=,,17.0,17,CORE,ARM40M,868
8440823,120496,237.5,237.6,Pb,3.5,ppm,=,,3.5,3.5,CORE,ARM40,869
8440823,120496,237.5,237.6,Pr,,ppm,<,5.0,-5.0,<5,CORE,ARM40M,870
8440823,120496,237.5,237.6,Pt,,ppb,<,0.01,-0.01,<0.01,CORE,ARM40M,871
8440823,120496,237.5,237.6,Rb,2.9,ppm,=,,2.9,2.9,CORE,ARM40M,872
8440823,120496,237.5,237.6,Ru,,ppm,<,5.0,-5.0,<5,CORE,ARM40M,873
8440823,120496,237.5,237.6,Sb,,ppm,<,0.1,-0.1,<0.1,CORE,ARM40M,874
8440823,120496,237.5,237.6,Sc,5.0,ppm,=,,5.0,5,CORE,ARM40M,875
8440823,120496,237.5,237.6,Se,,ppm,<,0.5,-0.5,<0.5,CORE,ARM40M,876
8440823,120496,237.5,237.6,Sm,,ppm,<,10.0,-10.0,<10,CORE,ARM40M,877
8440823,120496,237.5,237.6,Sn,2.0,ppm,=,,2.0,2,CORE,ARM40M,878
8440823,120496,237.5,237.6,Sr,31.0,ppm,=,,31.0,31,CORE,ARM40M,879
8440823,120496,237.5,237.6,Tb,,ppm,<,5.0,-5.0,<5,CORE,ARM40M,880
8440823,120496,237.5,237.6,Te,,ppm,<,0.2,-0.2,<0.2,CORE,ARM40M,881
8440823,120496,237.5,237.6,Th,9.0,ppm,=,,9.0,9,CORE,ARM40M,882
8440823,120496,237.5,237.6,Tl,,ppm,<,0.1,-0.1,<0.1,CORE,ARM40M,883
8440823,120496,237.5,237.6,Tm,,ppm,<,5.0,-5.0,<5,CORE,ARM40M,884
8440823,120496,237.5,237.6,U,1.55,ppm,=,,1.55,1.55,CORE,ARM40M,885
8440823,120496,237.5,237.6,W,,ppm,<,0.5,-0.5,<0.5,CORE,ARM40M,886
8440823,120496,237.5,237.6,Y,18.5,ppm,=,,18.5,18.5,CORE,ARM40M,887
8440823,120496,237.5,237.6,Zn,85.0,ppm,=,,85.0,85,CORE,ARM40M,888
8440823,120496,237.5,237.6,Zr,23.0,ppm,=,,23.0,23,CORE,ARM40M,889
8440823,120497,242.5,242.6,Ag,0.1,ppm,=,,0.1,0.1,CORE,ARM40M,890
8440823,120497,242.5,242.6,As,,ppm,<,0.5,-0.5,<0.5,CORE,ARM40M,891
8440823,120497,242.5,242.6,Au,1.0,ppb,=,,1.0,1,CORE,ARM40M,892
8440823,120497,242.5,242.6,Ba,28.0,ppm,=,,28.0,28,CORE,ARM40M,893
8440823,120497,242.5,242.6,Bi,,ppm,<,0.1,-0.1,<0.1,CORE,ARM40M,894
8440823,120497,242.5,242.6,Cd,,ppm,<,0.1,-0.1,<0.1,CORE,ARM40M,895
8440823,120497,242.5,242.6,Ce,50.0,ppm,=,,50.0,50,CORE,ARM40M,896
8440823,120497,242.5,242.6,Co,27.5,ppm,=,,27.5,27.5,CORE,ARM40M,897
8440823,120497,242.5,242.6,Cs,0.8,ppm,=,,0.8,0.8,CORE,ARM40M,898
8440823,120497,242.5,242.6,Cu,34.0,ppm,=,,34.0,34,CORE,ARM40M,899
8440823,120497,242.5,242.6,Dy,,ppm,<,10.0,-10.0,<10,CORE,ARM40M,900
8440823,120497,242.5,242.6,Er,,ppm,<,10.0,-10.0,<10,CORE,ARM40M,901
8440823,120497,242.5,242.6,Eu,,ppm,<,2.0,-2.0,<2,CORE,ARM40M,902
8440823,120497,242.5,242.6,Ga,8.0,ppm,=,,8.0,8,CORE,ARM40M,903
8440823,120497,242.5,242.6,Gd,5.0,ppm,=,,5.0,5,CORE,ARM40M,904
8440823,120497,242.5,242.6,Hg,,ppm,<,0.5,-0.5,<0.5,CORE,ARM40M,905
8440823,120497,242.5,242.6,Ho,,ppm,<,5.0,-5.0,<5,CORE,ARM40M,906
8440823,120497,242.5,242.6,In,,ppm,<,0.5,-0.5,<0.5,CORE,ARM40M,907
8440823,120497,242.5,242.6,La,24.0,ppm,=,,24.0,24,CORE,ARM40M,908
8440823,120497,242.5,242.6,Lu,,ppm,<,5.0,-5.0,<5,CORE,ARM40M,909
8440823,120497,242.5,242.6,Mo,0.6,ppm,=,,0.6,0.6,CORE,ARM40M,910
8440823,120497,242.5,242.6,Nd,20.0,ppm,=,,20.0,20,CORE,ARM40M,911
8440823,120497,242.5,242.6,Ni,15.0,ppm,=,,15.0,15,CORE,ARM40M,912
8440823,120497,242.5,242.6,Pb,2.5,ppm,=,,2.5,2.5,CORE,ARM40,913
8440823,120497,242.5,242.6,Pr,,ppm,<,5.0,-5.0,<5,CORE,ARM40M,914
8440823,120497,242.5,242.6,Pt,,ppb,<,0.01,-0.01,<0.01,CORE,ARM40M,915
8440823,120497,242.5,242.6,Rb,2.4,ppm,=,,2.4,2.4,CORE,ARM40M,916
8440823,120497,242.5,242.6,Ru,,ppm,<,5.0,-5.0,<5,CORE,ARM40M,917
8440823,120497,242.5,242.6,Sb,,ppm,<,0.1,-0.1,<0.1,CORE,ARM40M,918
8440823,120497,242.5,242.6,Sc,5.0,ppm,=,,5.0,5,CORE,ARM40M,919
8440823,120497,242.5,242.6,Se,,ppm,<,0.5,-0.5,<0.5,CORE,ARM40M,920
8440823,120497,242.5,242.6,Sm,,ppm,<,10.0,-10.0,<10,CORE,ARM40M,921
8440823,120497,242.5,242.6,Sn,2.0,ppm,=,,2.0,2,CORE,ARM40M,922
8440823,120497,242.5,242.6,Sr,39.0,ppm,=,,39.0,39,CORE,ARM40M,923
8440823,120497,242.5,242.6,Tb,,ppm,<,5.0,-5.0,<5,CORE,ARM40M,924
8440823,120497,242.5,242.6,Te,,ppm,<,0.2,-0.2,<0.2,CORE,ARM40M,925
8440823,120497,242.5,242.6,Th,10.0,ppm,=,,10.0,10,CORE,ARM40M,926
8440823,120497,242.5,242.6,Tl,,ppm,<,0.1,-0.1,<0.1,CORE,ARM40M,927
8440823,120497,242.5,242.6,Tm,,ppm,<,5.0,-5.0,<5,CORE,ARM40M,928
8440823,120497,242.5,242.6,U,1.55,ppm,=,,1.55,1.55,CORE,ARM40M,929
8440823,120497,242.5,242.6,W,,ppm,<,0.5,-0.5,<0.5,CORE,ARM40M,930
8440823,120497,242.5,242.6,Y,19.0,ppm,=,,19.0,19,CORE,ARM40M,931
8440823,120497,242.5,242.6,Zn,85.0,ppm,=,,85.0,85,CORE,ARM40M,932
8440823,120497,242.5,242.6,Zr,26.5,ppm,=,,26.5,26.5,CORE,ARM40M,933
8440823,120498,247.5,247.6,Ag,0.05,ppm,=,,0.05,0.05,CORE,ARM40M,934
8440823,120498,247.5,247.6,As,,ppm,<,0.5,-0.5,<0.5,CORE,ARM40M,935
8440823,120498,247.5,247.6,Au,,ppb,<,1.0,-1.0,<1,CORE,ARM40M,936
8440823,120498,247.5,247.6,Ba,24.0,ppm,=,,24.0,24,CORE,ARM40M,937
8440823,120498,247.5,247.6,Bi,,ppm,<,0.1,-0.1,<0.1,CORE,ARM40M,938
8440823,120498,247.5,247.6,Cd,,ppm,<,0.1,-0.1,<0.1,CORE,ARM40M,939
8440823,120498,247.5,247.6,Ce,55.0,ppm,=,,55.0,55,CORE,ARM40M,940
8440823,120498,247.5,247.6,Co,31.0,ppm,=,,31.0,31,CORE,ARM40M,941
8440823,120498,247.5,247.6,Cs,1.2,ppm,=,,1.2,1.2,CORE,ARM40M,942
8440823,120498,247.5,247.6,Cu,39.0,ppm,=,,39.0,39,CORE,ARM40M,943
8440823,120498,247.5,247.6,Dy,,ppm,<,10.0,-10.0,<10,CORE,ARM40M,944
8440823,120498,247.5,247.6,Er,,ppm,<,10.0,-10.0,<10,CORE,ARM40M,945
8440823,120498,247.5,247.6,Eu,,ppm,<,2.0,-2.0,<2,CORE,ARM40M,946
8440823,120498,247.5,247.6,Ga,9.5,ppm,=,,9.5,9.5,CORE,ARM40M,947
8440823,120498,247.5,247.6,Gd,5.0,ppm,=,,5.0,5,CORE,ARM40M,948
8440823,120498,247.5,247.6,Hg,,ppm,<,0.5,-0.5,<0.5,CORE,ARM40M,949
8440823,120498,247.5,247.6,Ho,,ppm,<,5.0,-5.0,<5,CORE,ARM40M,950
8440823,120498,247.5,247.6,In,,ppm,<,0.5,-0.5,<0.5,CORE,ARM40M,951
8440823,120498,247.5,247.6,La,25.5,ppm,=,,25.5,25.5,CORE,ARM40M,952
8440823,120498,247.5,247.6,Lu,,ppm,<,5.0,-5.0,<5,CORE,ARM40M,953
8440823,120498,247.5,247.6,Mo,0.8,ppm,=,,0.8,0.8,CORE,ARM40M,954
8440823,120498,247.5,247.6,Nd,20.0,ppm,=,,20.0,20,CORE,ARM40M,955
8440823,120498,247.5,247.6,Ni,16.0,ppm,=,,16.0,16,CORE,ARM40M,956
8440823,120498,247.5,247.6,Pb,3.0,ppm,=,,3.0,3,CORE,ARM40,957
8440823,120498,247.5,247.6,Pr,,ppm,<,5.0,-5.0,<5,CORE,ARM40M,958
8440823,120498,247.5,247.6,Pt,,ppb,<,0.01,-0.01,<0.01,CORE,ARM40M,959
8440823,120498,247.5,247.6,Rb,2.9,ppm,=,,2.9,2.9,CORE,ARM40M,960
8440823,120498,247.5,247.6,Ru,,ppm,<,5.0,-5.0,<5,CORE,ARM40M,961
8440823,120498,247.5,247.6,Sb,,ppm,<,0.1,-0.1,<0.1,CORE,ARM40M,962
8440823,120498,247.5,247.6,Sc,8.0,ppm,=,,8.0,8,CORE,ARM40M,963
8440823,120498,247.5,247.6,Se,,ppm,<,0.5,-0.5,<0.5,CORE,ARM40M,964
8440823,120498,247.5,247.6,Sm,,ppm,<,10.0,-10.0,<10,CORE,ARM40M,965
8440823,120498,247.5,247.6,Sn,2.0,ppm,=,,2.0,2,CORE,ARM40M,966
8440823,120498,247.5,247.6,Sr,28.0,ppm,=,,28.0,28,CORE,ARM40M,967
8440823,120498,247.5,247.6,Tb,,ppm,<,5.0,-5.0,<5,CORE,ARM40M,968
8440823,120498,247.5,247.6,Te,,ppm,<,0.2,-0.2,<0.2,CORE,ARM40M,969
8440823,120498,247.5,247.6,Th,10.5,ppm,=,,10.5,10.5,CORE,ARM40M,970
8440823,120498,247.5,247.6,Tl,,ppm,<,0.1,-0.1,<0.1,CORE,ARM40M,971
8440823,120498,247.5,247.6,Tm,,ppm,<,5.0,-5.0,<5,CORE,ARM40M,972
8440823,120498,247.5,247.6,U,1.65,ppm,=,,1.65,1.65,CORE,ARM40M,973
8440823,120498,247.5,247.6,W,,ppm,<,0.5,-0.5,<0.5,CORE,ARM40M,974
8440823,120498,247.5,247.6,Y,22.5,ppm,=,,22.5,22.5,CORE,ARM40M,975
8440823,120498,247.5,247.6,Zn,130.0,ppm,=,,130.0,130,CORE,ARM40M,976
8440823,120498,247.5,247.6,Zr,22.0,ppm,=,,22.0,22,CORE,ARM40M,977
8440823,120499,252.5,252.6,Ag,0.05,ppm,=,,0.05,0.05,CORE,ARM40M,978
8440823,120499,252.5,252.6,As,,ppm,<,0.5,-0.5,<0.5,CORE,ARM40M,979
8440823,120499,252.5,252.6,Au,2.0,ppb,=,,2.0,2,CORE,ARM40M,980
8440823,120499,252.5,252.6,Ba,20.0,ppm,=,,20.0,20,CORE,ARM40M,981
8440823,120499,252.5,252.6,Bi,,ppm,<,0.1,-0.1,<0.1,CORE,ARM40M,982
8440823,120499,252.5,252.6,Cd,,ppm,<,0.1,-0.1,<0.1,CORE,ARM40M,983
8440823,120499,252.5,252.6,Ce,55.0,ppm,=,,55.0,55,CORE,ARM40M,984
8440823,120499,252.5,252.6,Co,31.5,ppm,=,,31.5,31.5,CORE,ARM40M,985
8440823,120499,252.5,252.6,Cs,0.9,ppm,=,,0.9,0.9,CORE,ARM40M,986
8440823,120499,252.5,252.6,Cu,33.0,ppm,=,,33.0,33,CORE,ARM40M,987
8440823,120499,252.5,252.6,Dy,,ppm,<,10.0,-10.0,<10,CORE,ARM40M,988
8440823,120499,252.5,252.6,Er,,ppm,<,10.0,-10.0,<10,CORE,ARM40M,989
8440823,120499,252.5,252.6,Eu,,ppm,<,2.0,-2.0,<2,CORE,ARM40M,990
8440823,120499,252.5,252.6,Ga,10.0,ppm,=,,10.0,10,CORE,ARM40M,991
8440823,120499,252.5,252.6,Gd,5.0,ppm,=,,5.0,5,CORE,ARM40M,992
8440823,120499,252.5,252.6,Hg,,ppm,<,0.5,-0.5,<0.5,CORE,ARM40M,993
8440823,120499,252.5,252.6,Ho,,ppm,<,5.0,-5.0,<5,CORE,ARM40M,994
8440823,120499,252.5,252.6,In,,ppm,<,0.5,-0.5,<0.5,CORE,ARM40M,995
8440823,120499,252.5,252.6,La,26.5,ppm,=,,26.5,26.5,CORE,ARM40M,996
8440823,120499,252.5,252.6,Lu,,ppm,<,5.0,-5.0,<5,CORE,ARM40M,997
8440823,120499,252.5,252.6,Mo,0.6,ppm,=,,0.6,0.6,CORE,ARM40M,998
8440823,120499,252.5,252.6,Nd,20.0,ppm,=,,20.0,20,CORE,ARM40M,999
8440823,120499,252.5,252.6,Ni,16.0,ppm,=,,16.0,16,CORE,ARM40M,1000
8440823,120499,252.5,252.6,Pb,3.5,ppm,=,,3.5,3.5,CORE,ARM40,1001
8440823,120499,252.5,252.6,Pr,,ppm,<,5.0,-5.0,<5,CORE,ARM40M,1002
8440823,120499,252.5,252.6,Pt,,ppb,<,0.01,-0.01,<0.01,CORE,ARM40M,1003
8440823,120499,252.5,252.6,Rb,2.6,ppm,=,,2.6,2.6,CORE,ARM40M,1004
8440823,120499,252.5,252.6,Ru,,ppm,<,5.0,-5.0,<5,CORE,ARM40M,1005
8440823,120499,252.5,252.6,Sb,,ppm,<,0.1,-0.1,<0.1,CORE,ARM40M,1006
8440823,120499,252.5,252.6,Sc,8.0,ppm,=,,8.0,8,CORE,ARM40M,1007
8440823,120499,252.5,252.6,Se,,ppm,<,0.5,-0.5,<0.5,CORE,ARM40M,1008
8440823,120499,252.5,252.6,Sm,,ppm,<,10.0,-10.0,<10,CORE,ARM40M,1009
8440823,120499,252.5,252.6,Sn,2.0,ppm,=,,2.0,2,CORE,ARM40M,1010
8440823,120499,252.5,252.6,Sr,26.0,ppm,=,,26.0,26,CORE,ARM40M,1011
8440823,120499,252.5,252.6,Tb,,ppm,<,5.0,-5.0,<5,CORE,ARM40M,1012
8440823,120499,252.5,252.6,Te,,ppm,<,0.2,-0.2,<0.2,CORE,ARM40M,1013
8440823,120499,252.5,252.6,Th,10.0,ppm,=,,10.0,10,CORE,ARM40M,1014
8440823,120499,252.5,252.6,Tl,,ppm,<,0.1,-0.1,<0.1,CORE,ARM40M,1015
8440823,120499,252.5,252.6,Tm,,ppm,<,5.0,-5.0,<5,CORE,ARM40M,1016
8440823,120499,252.5,252.6,U,1.7,ppm,=,,1.7,1.7,CORE,ARM40M,1017
8440823,120499,252.5,252.6,W,,ppm,<,0.5,-0.5,<0.5,CORE,ARM40M,1018
8440823,120499,252.5,252.6,Y,24.0,ppm,=,,24.0,24,CORE,ARM40M,1019
8440823,120499,252.5,252.6,Zn,110.0,ppm,=,,110.0,110,CORE,ARM40M,1020
8440823,120499,252.5,252.6,Zr,15.0,ppm,=,,15.0,15,CORE,ARM40M,1021
8440823,120500,257.5,257.6,Ag,0.1,ppm,=,,0.1,0.1,CORE,ARM40M,1022
8440823,120500,257.5,257.6,As,,ppm,<,0.5,-0.5,<0.5,CORE,ARM40M,1023
8440823,120500,257.5,257.6,Au,,ppb,<,1.0,-1.0,<1,CORE,ARM40M,1024
8440823,120500,257.5,257.6,Ba,27.0,ppm,=,,27.0,27,CORE,ARM40M,1025
8440823,120500,257.5,257.6,Bi,,ppm,<,0.1,-0.1,<0.1,CORE,ARM40M,1026
8440823,120500,257.5,257.6,Cd,0.1,ppm,=,,0.1,0.1,CORE,ARM40M,1027
8440823,120500,257.5,257.6,Ce,55.0,ppm,=,,55.0,55,CORE,ARM40M,1028
8440823,120500,257.5,257.6,Co,30.0,ppm,=,,30.0,30,CORE,ARM40M,1029
8440823,120500,257.5,257.6,Cs,0.4,ppm,=,,0.4,0.4,CORE,ARM40M,1030
8440823,120500,257.5,257.6,Cu,39.0,ppm,=,,39.0,39,CORE,ARM40M,1031
8440823,120500,257.5,257.6,Dy,,ppm,<,10.0,-10.0,<10,CORE,ARM40M,1032
8440823,120500,257.5,257.6,Er,,ppm,<,10.0,-10.0,<10,CORE,ARM40M,1033
8440823,120500,257.5,257.6,Eu,,ppm,<,2.0,-2.0,<2,CORE,ARM40M,1034
8440823,120500,257.5,257.6,Ga,9.5,ppm,=,,9.5,9.5,CORE,ARM40M,1035
8440823,120500,257.5,257.6,Gd,5.0,ppm,=,,5.0,5,CORE,ARM40M,1036
8440823,120500,257.5,257.6,Hg,,ppm,<,0.5,-0.5,<0.5,CORE,ARM40M,1037
8440823,120500,257.5,257.6,Ho,,ppm,<,5.0,-5.0,<5,CORE,ARM40M,1038
8440823,120500,257.5,257.6,In,,ppm,<,0.5,-0.5,<0.5,CORE,ARM40M,1039
8440823,120500,257.5,257.6,La,26.5,ppm,=,,26.5,26.5,CORE,ARM40M,1040
8440823,120500,257.5,257.6,Lu,,ppm,<,5.0,-5.0,<5,CORE,ARM40M,1041
8440823,120500,257.5,257.6,Mo,0.8,ppm,=,,0.8,0.8,CORE,ARM40M,1042
8440823,120500,257.5,257.6,Nd,20.0,ppm,=,,20.0,20,CORE,ARM40M,1043
8440823,120500,257.5,257.6,Ni,15.0,ppm,=,,15.0,15,CORE,ARM40M,1044
8440823,120500,257.5,257.6,Pb,5.0,ppm,=,,5.0,5,CORE,ARM40,1045
8440823,120500,257.5,257.6,Pr,,ppm,<,5.0,-5.0,<5,CORE,ARM40M,1046
8440823,120500,257.5,257.6,Pt,,ppb,<,0.01,-0.01,<0.01,CORE,ARM40M,1047
8440823,120500,257.5,257.6,Rb,2.6,ppm,=,,2.6,2.6,CORE,ARM40M,1048
8440823,120500,257.5,257.6,Ru,,ppm,<,5.0,-5.0,<5,CORE,ARM40M,1049
8440823,120500,257.5,257.6,Sb,,ppm,<,0.1,-0.1,<0.1,CORE,ARM40M,1050
8440823,120500,257.5,257.6,Sc,6.5,ppm,=,,6.5,6.5,CORE,ARM40M,1051
8440823,120500,257.5,257.6,Se,,ppm,<,0.5,-0.5,<0.5,CORE,ARM40M,1052
8440823,120500,257.5,257.6,Sm,,ppm,<,10.0,-10.0,<10,CORE,ARM40M,1053
8440823,120500,257.5,257.6,Sn,2.0,ppm,=,,2.0,2,CORE,ARM40M,1054
8440823,120500,257.5,257.6,Sr,41.0,ppm,=,,41.0,41,CORE,ARM40M,1055
8440823,120500,257.5,257.6,Tb,,ppm,<,5.0,-5.0,<5,CORE,ARM40M,1056
8440823,120500,257.5,257.6,Te,,ppm,<,0.2,-0.2,<0.2,CORE,ARM40M,1057
8440823,120500,257.5,257.6,Th,10.5,ppm,=,,10.5,10.5,CORE,ARM40M,1058
8440823,120500,257.5,257.6,Tl,,ppm,<,0.1,-0.1,<0.1,CORE,ARM40M,1059
8440823,120500,257.5,257.6,Tm,,ppm,<,5.0,-5.0,<5,CORE,ARM40M,1060
8440823,120500,257.5,257.6,U,1.65,ppm,=,,1.65,1.65,CORE,ARM40M,1061
8440823,120500,257.5,257.6,W,,ppm,<,0.5,-0.5,<0.5,CORE,ARM40M,1062
8440823,120500,257.5,257.6,Y,22.0,ppm,=,,22.0,22,CORE,ARM40M,1063
8440823,120500,257.5,257.6,Zn,90.0,ppm,=,,90.0,90,CORE,ARM40M,1064
8440823,120500,257.5,257.6,Zr,16.5,ppm,=,,16.5,16.5,CORE,ARM40M,1065
8440823,120501,258.74,258.92,Ag,0.1,ppm,=,,0.1,0.1,CORE,ARM40M,1066
8440823,120501,258.74,258.92,As,0.5,ppm,=,,0.5,0.5,CORE,ARM40M,1067
8440823,120501,258.74,258.92,Au,2.0,ppb,=,,2.0,2,CORE,ARM40M,1068
8440823,120501,258.74,258.92,Bi,0.2,ppm,=,,0.2,0.2,CORE,ARM40M,1069
8440823,120501,258.74,258.92,Co,44.0,ppm,=,,44.0,44,CORE,ARM40M,1070
8440823,120501,258.74,258.92,Cu,41.0,ppm,=,,41.0,41,CORE,ARM40M,1071
8440823,120501,258.74,258.92,Mo,1.2,ppm,=,,1.2,1.2,CORE,ARM40M,1072
8440823,120501,258.74,258.92,Pb,19.0,ppm,=,,19.0,19,CORE,ARM40,1073
8440823,120501,258.74,258.92,Sb,,ppm,<,0.1,-0.1,<0.1,CORE,ARM40M,1074
8440823,120501,258.74,258.92,Se,,ppm,<,0.5,-0.5,<0.5,CORE,ARM40M,1075
8440823,120501,258.74,258.92,U,2.2,ppm,=,,2.2,2.2,CORE,ARM40M,1076
8440823,120501,258.74,258.92,Zn,60.0,ppm,=,,60.0,60,CORE,ARM40M,1077
8440823,120502,258.92,259.35,Ag,0.05,ppm,=,,0.05,0.05,CORE,ARM40M,1078
8440823,120502,258.92,259.35,As,,ppm,<,0.5,-0.5,<0.5,CORE,ARM40M,1079
8440823,120502,258.92,259.35,Au,4.0,ppb,=,,4.0,4,CORE,ARM40M,1080
8440823,120502,258.92,259.35,Bi,0.2,ppm,=,,0.2,0.2,CORE,ARM40M,1081
8440823,120502,258.92,259.35,Co,33.0,ppm,=,,33.0,33,CORE,ARM40M,1082
8440823,120502,258.92,259.35,Cu,41.0,ppm,=,,41.0,41,CORE,ARM40M,1083
8440823,120502,258.92,259.35,Mo,1.0,ppm,=,,1.0,1,CORE,ARM40M,1084
8440823,120502,258.92,259.35,Pb,5.0,ppm,=,,5.0,5,CORE,ARM40,1085
8440823,120502,258.92,259.35,Sb,,ppm,<,0.1,-0.1,<0.1,CORE,ARM40M,1086
8440823,120502,258.92,259.35,Se,,ppm,<,0.5,-0.5,<0.5,CORE,ARM40M,1087
8440823,120502,258.92,259.35,U,1.95,ppm,=,,1.95,1.95,CORE,ARM40M,1088
8440823,120502,258.92,259.35,Zn,38.0,ppm,=,,38.0,38,CORE,ARM40M,1089
8440823,120503,261.5,261.6,Ag,0.1,ppm,=,,0.1,0.1,CORE,ARM40M,1090
8440823,120503,261.5,261.6,As,,ppm,<,0.5,-0.5,<0.5,CORE,ARM40M,1091
8440823,120503,261.5,261.6,Au,1.0,ppb,=,,1.0,1,CORE,ARM40M,1092
8440823,120503,261.5,261.6,Ba,19.0,ppm,=,,19.0,19,CORE,ARM40M,1093
8440823,120503,261.5,261.6,Bi,,ppm,<,0.1,-0.1,<0.1,CORE,ARM40M,1094
8440823,120503,261.5,261.6,Cd,,ppm,<,0.1,-0.1,<0.1,CORE,ARM40M,1095
8440823,120503,261.5,261.6,Ce,55.0,ppm,=,,55.0,55,CORE,ARM40M,1096
8440823,120503,261.5,261.6,Co,35.5,ppm,=,,35.5,35.5,CORE,ARM40M,1097
8440823,120503,261.5,261.6,Cs,0.8,ppm,=,,0.8,0.8,CORE,ARM40M,1098
8440823,120503,261.5,261.6,Cu,41.0,ppm,=,,41.0,41,CORE,ARM40M,1099
8440823,120503,261.5,261.6,Dy,,ppm,<,10.0,-10.0,<10,CORE,ARM40M,1100
8440823,120503,261.5,261.6,Er,,ppm,<,10.0,-10.0,<10,CORE,ARM40M,1101
8440823,120503,261.5,261.6,Eu,,ppm,<,2.0,-2.0,<2,CORE,ARM40M,1102
8440823,120503,261.5,261.6,Ga,11.0,ppm,=,,11.0,11,CORE,ARM40M,1103
8440823,120503,261.5,261.6,Gd,5.0,ppm,=,,5.0,5,CORE,ARM40M,1104
8440823,120503,261.5,261.6,Hg,,ppm,<,0.5,-0.5,<0.5,CORE,ARM40M,1105
8440823,120503,261.5,261.6,Ho,,ppm,<,5.0,-5.0,<5,CORE,ARM40M,1106
8440823,120503,261.5,261.6,In,,ppm,<,0.5,-0.5,<0.5,CORE,ARM40M,1107
8440823,120503,261.5,261.6,La,25.5,ppm,=,,25.5,25.5,CORE,ARM40M,1108
8440823,120503,261.5,261.6,Lu,,ppm,<,5.0,-5.0,<5,CORE,ARM40M,1109
8440823,120503,261.5,261.6,Mo,0.8,ppm,=,,0.8,0.8,CORE,ARM40M,1110
8440823,120503,261.5,261.6,Nd,20.0,ppm,=,,20.0,20,CORE,ARM40M,1111
8440823,120503,261.5,261.6,Ni,16.0,ppm,=,,16.0,16,CORE,ARM40M,1112
8440823,120503,261.5,261.6,Pb,11.0,ppm,=,,11.0,11,CORE,ARM40,1113
8440823,120503,261.5,261.6,Pr,,ppm,<,5.0,-5.0,<5,CORE,ARM40M,1114
8440823,120503,261.5,261.6,Pt,,ppb,<,0.01,-0.01,<0.01,CORE,ARM40M,1115
8440823,120503,261.5,261.6,Rb,2.5,ppm,=,,2.5,2.5,CORE,ARM40M,1116
8440823,120503,261.5,261.6,Ru,,ppm,<,5.0,-5.0,<5,CORE,ARM40M,1117
8440823,120503,261.5,261.6,Sb,,ppm,<,0.1,-0.1,<0.1,CORE,ARM40M,1118
8440823,120503,261.5,261.6,Sc,10.0,ppm,=,,10.0,10,CORE,ARM40M,1119
8440823,120503,261.5,261.6,Se,,ppm,<,0.5,-0.5,<0.5,CORE,ARM40M,1120
8440823,120503,261.5,261.6,Sm,,ppm,<,10.0,-10.0,<10,CORE,ARM40M,1121
8440823,120503,261.5,261.6,Sn,2.0,ppm,=,,2.0,2,CORE,ARM40M,1122
8440823,120503,261.5,261.6,Sr,26.0,ppm,=,,26.0,26,CORE,ARM40M,1123
8440823,120503,261.5,261.6,Tb,,ppm,<,5.0,-5.0,<5,CORE,ARM40M,1124
8440823,120503,261.5,261.6,Te,,ppm,<,0.2,-0.2,<0.2,CORE,ARM40M,1125
8440823,120503,261.5,261.6,Th,10.5,ppm,=,,10.5,10.5,CORE,ARM40M,1126
8440823,120503,261.5,261.6,Tl,,ppm,<,0.1,-0.1,<0.1,CORE,ARM40M,1127
8440823,120503,261.5,261.6,Tm,,ppm,<,5.0,-5.0,<5,CORE,ARM40M,1128
8440823,120503,261.5,261.6,U,1.65,ppm,=,,1.65,1.65,CORE,ARM40M,1129
8440823,120503,261.5,261.6,W,,ppm,<,0.5,-0.5,<0.5,CORE,ARM40M,1130
8440823,120503,261.5,261.6,Y,24.5,ppm,=,,24.5,24.5,CORE,ARM40M,1131
8440823,120503,261.5,261.6,Zn,42.0,ppm,=,,42.0,42,CORE,ARM40M,1132
8440823,120503,261.5,261.6,Zr,10.0,ppm,=,,10.0,10,CORE,ARM40M,1133
8440823,120504,266.5,266.6,Ag,0.15,ppm,=,,0.15,0.15,CORE,ARM40M,1134
8440823,120504,266.5,266.6,As,,ppm,<,0.5,-0.5,<0.5,CORE,ARM40M,1135
8440823,120504,266.5,266.6,Au,2.0,ppb,=,,2.0,2,CORE,ARM40M,1136
8440823,120504,266.5,266.6,Ba,23.0,ppm,=,,23.0,23,CORE,ARM40M,1137
8440823,120504,266.5,266.6,Bi,0.1,ppm,=,,0.1,0.1,CORE,ARM40M,1138
8440823,120504,266.5,266.6,Cd,,ppm,<,0.1,-0.1,<0.1,CORE,ARM40M,1139
8440823,120504,266.5,266.6,Ce,55.0,ppm,=,,55.0,55,CORE,ARM40M,1140
8440823,120504,266.5,266.6,Co,34.5,ppm,=,,34.5,34.5,CORE,ARM40M,1141
8440823,120504,266.5,266.6,Cs,0.7,ppm,=,,0.7,0.7,CORE,ARM40M,1142
8440823,120504,266.5,266.6,Cu,46.0,ppm,=,,46.0,46,CORE,ARM40M,1143
8440823,120504,266.5,266.6,Dy,,ppm,<,10.0,-10.0,<10,CORE,ARM40M,1144
8440823,120504,266.5,266.6,Er,,ppm,<,10.0,-10.0,<10,CORE,ARM40M,1145
8440823,120504,266.5,266.6,Eu,,ppm,<,2.0,-2.0,<2,CORE,ARM40M,1146
8440823,120504,266.5,266.6,Ga,9.5,ppm,=,,9.5,9.5,CORE,ARM40M,1147
8440823,120504,266.5,266.6,Gd,5.0,ppm,=,,5.0,5,CORE,ARM40M,1148
8440823,120504,266.5,266.6,Hg,,ppm,<,0.5,-0.5,<0.5,CORE,ARM40M,1149
8440823,120504,266.5,266.6,Ho,,ppm,<,5.0,-5.0,<5,CORE,ARM40M,1150
8440823,120504,266.5,266.6,In,,ppm,<,0.5,-0.5,<0.5,CORE,ARM40M,1151
8440823,120504,266.5,266.6,La,25.5,ppm,=,,25.5,25.5,CORE,ARM40M,1152
8440823,120504,266.5,266.6,Lu,,ppm,<,5.0,-5.0,<5,CORE,ARM40M,1153
8440823,120504,266.5,266.6,Mo,1.0,ppm,=,,1.0,1,CORE,ARM40M,1154
8440823,120504,266.5,266.6,Nd,20.0,ppm,=,,20.0,20,CORE,ARM40M,1155
8440823,120504,266.5,266.6,Ni,16.0,ppm,=,,16.0,16,CORE,ARM40M,1156
8440823,120504,266.5,266.6,Pb,4.0,ppm,=,,4.0,4,CORE,ARM40,1157
8440823,120504,266.5,266.6,Pr,,ppm,<,5.0,-5.0,<5,CORE,ARM40M,1158
8440823,120504,266.5,266.6,Pt,,ppb,<,0.01,-0.01,<0.01,CORE,ARM40M,1159
8440823,120504,266.5,266.6,Rb,3.0,ppm,=,,3.0,3,CORE,ARM40M,1160
8440823,120504,266.5,266.6,Ru,,ppm,<,5.0,-5.0,<5,CORE,ARM40M,1161
8440823,120504,266.5,266.6,Sb,,ppm,<,0.1,-0.1,<0.1,CORE,ARM40M,1162
8440823,120504,266.5,266.6,Sc,10.0,ppm,=,,10.0,10,CORE,ARM40M,1163
8440823,120504,266.5,266.6,Se,,ppm,<,0.5,-0.5,<0.5,CORE,ARM40M,1164
8440823,120504,266.5,266.6,Sm,,ppm,<,10.0,-10.0,<10,CORE,ARM40M,1165
8440823,120504,266.5,266.6,Sn,2.0,ppm,=,,2.0,2,CORE,ARM40M,1166
8440823,120504,266.5,266.6,Sr,29.0,ppm,=,,29.0,29,CORE,ARM40M,1167
8440823,120504,266.5,266.6,Tb,,ppm,<,5.0,-5.0,<5,CORE,ARM40M,1168
8440823,120504,266.5,266.6,Te,,ppm,<,0.2,-0.2,<0.2,CORE,ARM40M,1169
8440823,120504,266.5,266.6,Th,9.5,ppm,=,,9.5,9.5,CORE,ARM40M,1170
8440823,120504,266.5,266.6,Tl,,ppm,<,0.1,-0.1,<0.1,CORE,ARM40M,1171
8440823,120504,266.5,266.6,Tm,,ppm,<,5.0,-5.0,<5,CORE,ARM40M,1172
8440823,120504,266.5,266.6,U,1.55,ppm,=,,1.55,1.55,CORE,ARM40M,1173
8440823,120504,266.5,266.6,W,,ppm,<,0.5,-0.5,<0.5,CORE,ARM40M,1174
8440823,120504,266.5,266.6,Y,24.5,ppm,=,,24.5,24.5,CORE,ARM40M,1175
8440823,120504,266.5,266.6,Zn,110.0,ppm,=,,110.0,110,CORE,ARM40M,1176
8440823,120504,266.5,266.6,Zr,14.5,ppm,=,,14.5,14.5,CORE,ARM40M,1177
8440823,120505,266.88,267.17,Ag,0.1,ppm,=,,0.1,0.1,CORE,ARM40M,1178
8440823,120505,266.88,267.17,As,,ppm,<,0.5,-0.5,<0.5,CORE,ARM40M,1179
8440823,120505,266.88,267.17,Au,4.0,ppb,=,,4.0,4,CORE,ARM40M,1180
8440823,120505,266.88,267.17,Bi,0.2,ppm,=,,0.2,0.2,CORE,ARM40M,1181
8440823,120505,266.88,267.17,Co,41.0,ppm,=,,41.0,41,CORE,ARM40M,1182
8440823,120505,266.88,267.17,Cu,27.0,ppm,=,,27.0,27,CORE,ARM40M,1183
8440823,120505,266.88,267.17,Mo,1.6,ppm,=,,1.6,1.6,CORE,ARM40M,1184
8440823,120505,266.88,267.17,Pb,8.0,ppm,=,,8.0,8,CORE,ARM40,1185
8440823,120505,266.88,267.17,Sb,,ppm,<,0.1,-0.1,<0.1,CORE,ARM40M,1186
8440823,120505,266.88,267.17,Se,,ppm,<,0.5,-0.5,<0.5,CORE,ARM40M,1187
8440823,120505,266.88,267.17,U,1.7,ppm,=,,1.7,1.7,CORE,ARM40M,1188
8440823,120505,266.88,267.17,Zn,41.0,ppm,=,,41.0,41,CORE,ARM40M,1189
8440823,120506,267.17,267.52,Ag,0.15,ppm,=,,0.15,0.15,CORE,ARM40M,1190
8440823,120506,267.17,267.52,As,,ppm,<,0.5,-0.5,<0.5,CORE,ARM40M,1191
8440823,120506,267.17,267.52,Au,3.0,ppb,=,,3.0,3,CORE,ARM40M,1192
8440823,120506,267.17,267.52,Bi,0.2,ppm,=,,0.2,0.2,CORE,ARM40M,1193
8440823,120506,267.17,267.52,Co,41.5,ppm,=,,41.5,41.5,CORE,ARM40M,1194
8440823,120506,267.17,267.52,Cu,32.0,ppm,=,,32.0,32,CORE,ARM40M,1195
8440823,120506,267.17,267.52,Mo,1.0,ppm,=,,1.0,1,CORE,ARM40M,1196
8440823,120506,267.17,267.52,Pb,9.0,ppm,=,,9.0,9,CORE,ARM40,1197
8440823,120506,267.17,267.52,Sb,,ppm,<,0.1,-0.1,<0.1,CORE,ARM40M,1198
8440823,120506,267.17,267.52,Se,,ppm,<,0.5,-0.5,<0.5,CORE,ARM40M,1199
8440823,120506,267.17,267.52,U,1.9,ppm,=,,1.9,1.9,CORE,ARM40M,1200
8440823,120506,267.17,267.52,Zn,105.0,ppm,=,,105.0,105,CORE,ARM40M,1201
8440823,120507,260.9,261.5,Ag,0.1,ppm,=,,0.1,0.1,CORE,ARM40M,1202
8440823,120507,260.9,261.5,As,,ppm,<,0.5,-0.5,<0.5,CORE,ARM40M,1203
8440823,120507,260.9,261.5,Au,2.0,ppb,=,,2.0,2,CORE,ARM40M,1204
8440823,120507,260.9,261.5,Bi,0.1,ppm,=,,0.1,0.1,CORE,ARM40M,1205
8440823,120507,260.9,261.5,Co,32.0,ppm,=,,32.0,32,CORE,ARM40M,1206
8440823,120507,260.9,261.5,Cu,45.0,ppm,=,,45.0,45,CORE,ARM40M,1207
8440823,120507,260.9,261.5,Mo,0.8,ppm,=,,0.8,0.8,CORE,ARM40M,1208
8440823,120507,260.9,261.5,Pb,8.5,ppm,=,,8.5,8.5,CORE,ARM40,1209
8440823,120507,260.9,261.5,Sb,,ppm,<,0.1,-0.1,<0.1,CORE,ARM40M,1210
8440823,120507,260.9,261.5,Se,,ppm,<,0.5,-0.5,<0.5,CORE,ARM40M,1211
8440823,120507,260.9,261.5,U,1.85,ppm,=,,1.85,1.85,CORE,ARM40M,1212
8440823,120507,260.9,261.5,Zn,29.0,ppm,=,,29.0,29,CORE,ARM40M,1213
8440823,120508,269.0,269.2,Ag,0.1,ppm,=,,0.1,0.1,CORE,ARM40M,1214
8440823,120508,269.0,269.2,As,1.5,ppm,=,,1.5,1.5,CORE,ARM40M,1215
8440823,120508,269.0,269.2,Au,4.0,ppb,=,,4.0,4,CORE,ARM40M,1216
8440823,120508,269.0,269.2,Bi,0.2,ppm,=,,0.2,0.2,CORE,ARM40M,1217
8440823,120508,269.0,269.2,Co,40.5,ppm,=,,40.5,40.5,CORE,ARM40M,1218
8440823,120508,269.0,269.2,Cu,42.0,ppm,=,,42.0,42,CORE,ARM40M,1219
8440823,120508,269.0,269.2,Mo,1.4,ppm,=,,1.4,1.4,CORE,ARM40M,1220
8440823,120508,269.0,269.2,Pb,10.5,ppm,=,,10.5,10.5,CORE,ARM40,1221
8440823,120508,269.0,269.2,Sb,,ppm,<,0.1,-0.1,<0.1,CORE,ARM40M,1222
8440823,120508,269.0,269.2,Se,,ppm,<,0.5,-0.5,<0.5,CORE,ARM40M,1223
8440823,120508,269.0,269.2,U,2.0,ppm,=,,2.0,2,CORE,ARM40M,1224
8440823,120508,269.0,269.2,Zn,48.0,ppm,=,,48.0,48,CORE,ARM40M,1225
8440823,120509,269.51,269.65,Ag,0.1,ppm,=,,0.1,0.1,CORE,ARM40M,1226
8440823,120509,269.51,269.65,As,1.0,ppm,=,,1.0,1,CORE,ARM40M,1227
8440823,120509,269.51,269.65,Au,3.0,ppb,=,,3.0,3,CORE,ARM40M,1228
8440823,120509,269.51,269.65,Bi,0.1,ppm,=,,0.1,0.1,CORE,ARM40M,1229
8440823,120509,269.51,269.65,Co,41.0,ppm,=,,41.0,41,CORE,ARM40M,1230
8440823,120509,269.51,269.65,Cu,46.0,ppm,=,,46.0,46,CORE,ARM40M,1231
8440823,120509,269.51,269.65,Mo,1.0,ppm,=,,1.0,1,CORE,ARM40M,1232
8440823,120509,269.51,269.65,Pb,14.5,ppm,=,,14.5,14.5,CORE,ARM40,1233
8440823,120509,269.51,269.65,Sb,,ppm,<,0.1,-0.1,<0.1,CORE,ARM40M,1234
8440823,120509,269.51,269.65,Se,,ppm,<,0.5,-0.5,<0.5,CORE,ARM40M,1235
8440823,120509,269.51,269.65,U,1.9,ppm,=,,1.9,1.9,CORE,ARM40M,1236
8440823,120509,269.51,269.65,Zn,49.0,ppm,=,,49.0,49,CORE,ARM40M,1237
8440823,120511,271.5,271.6,Ag,0.15,ppm,=,,0.15,0.15,CORE,ARM40M,1238
8440823,120511,271.5,271.6,As,1.0,ppm,=,,1.0,1,CORE,ARM40M,1239
8440823,120511,271.5,271.6,Au,6.0,ppb,=,,6.0,6,CORE,ARM40M,1240
8440823,120511,271.5,271.6,Ba,20.0,ppm,=,,20.0,20,CORE,ARM40M,1241
8440823,120511,271.5,271.6,Bi,0.1,ppm,=,,0.1,0.1,CORE,ARM40M,1242
8440823,120511,271.5,271.6,Cd,,ppm,<,0.1,-0.1,<0.1,CORE,ARM40M,1243
8440823,120511,271.5,271.6,Ce,55.0,ppm,=,,55.0,55,CORE,ARM40M,1244
8440823,120511,271.5,271.6,Co,35.0,ppm,=,,35.0,35,CORE,ARM40M,1245
8440823,120511,271.5,271.6,Cs,0.7,ppm,=,,0.7,0.7,CORE,ARM40M,1246
8440823,120511,271.5,271.6,Cu,38.0,ppm,=,,38.0,38,CORE,ARM40M,1247
8440823,120511,271.5,271.6,Dy,,ppm,<,10.0,-10.0,<10,CORE,ARM40M,1248
8440823,120511,271.5,271.6,Er,,ppm,<,10.0,-10.0,<10,CORE,ARM40M,1249
8440823,120511,271.5,271.6,Eu,,ppm,<,2.0,-2.0,<2,CORE,ARM40M,1250
8440823,120511,271.5,271.6,Ga,10.0,ppm,=,,10.0,10,CORE,ARM40M,1251
8440823,120511,271.5,271.6,Gd,5.0,ppm,=,,5.0,5,CORE,ARM40M,1252
8440823,120511,271.5,271.6,Hg,,ppm,<,0.5,-0.5,<0.5,CORE,ARM40M,1253
8440823,120511,271.5,271.6,Ho,,ppm,<,5.0,-5.0,<5,CORE,ARM40M,1254
8440823,120511,271.5,271.6,In,,ppm,<,0.5,-0.5,<0.5,CORE,ARM40M,1255
8440823,120511,271.5,271.6,La,26.5,ppm,=,,26.5,26.5,CORE,ARM40M,1256
8440823,120511,271.5,271.6,Lu,,ppm,<,5.0,-5.0,<5,CORE,ARM40M,1257
8440823,120511,271.5,271.6,Mo,1.0,ppm,=,,1.0,1,CORE,ARM40M,1258
8440823,120511,271.5,271.6,Nd,20.0,ppm,=,,20.0,20,CORE,ARM40M,1259
8440823,120511,271.5,271.6,Ni,16.0,ppm,=,,16.0,16,CORE,ARM40M,1260
8440823,120511,271.5,271.6,Pb,7.0,ppm,=,,7.0,7,CORE,ARM40,1261
8440823,120511,271.5,271.6,Pr,,ppm,<,5.0,-5.0,<5,CORE,ARM40M,1262
8440823,120511,271.5,271.6,Pt,,ppb,<,0.01,-0.01,<0.01,CORE,ARM40M,1263
8440823,120511,271.5,271.6,Rb,2.7,ppm,=,,2.7,2.7,CORE,ARM40M,1264
8440823,120511,271.5,271.6,Ru,,ppm,<,5.0,-5.0,<5,CORE,ARM40M,1265
8440823,120511,271.5,271.6,Sb,,ppm,<,0.1,-0.1,<0.1,CORE,ARM40M,1266
8440823,120511,271.5,271.6,Sc,10.5,ppm,=,,10.5,10.5,CORE,ARM40M,1267
8440823,120511,271.5,271.6,Se,,ppm,<,0.5,-0.5,<0.5,CORE,ARM40M,1268
8440823,120511,271.5,271.6,Sm,,ppm,<,10.0,-10.0,<10,CORE,ARM40M,1269
8440823,120511,271.5,271.6,Sn,2.0,ppm,=,,2.0,2,CORE,ARM40M,1270
8440823,120511,271.5,271.6,Sr,27.0,ppm,=,,27.0,27,CORE,ARM40M,1271
8440823,120511,271.5,271.6,Tb,,ppm,<,5.0,-5.0,<5,CORE,ARM40M,1272
8440823,120511,271.5,271.6,Te,,ppm,<,0.2,-0.2,<0.2,CORE,ARM40M,1273
8440823,120511,271.5,271.6,Th,9.0,ppm,=,,9.0,9,CORE,ARM40M,1274
8440823,120511,271.5,271.6,Tl,,ppm,<,0.1,-0.1,<0.1,CORE,ARM40M,1275
8440823,120511,271.5,271.6,Tm,,ppm,<,5.0,-5.0,<5,CORE,ARM40M,1276
8440823,120511,271.5,271.6,U,1.5,ppm,=,,1.5,1.5,CORE,ARM40M,1277
8440823,120511,271.5,271.6,W,,ppm,<,0.5,-0.5,<0.5,CORE,ARM40M,1278
8440823,120511,271.5,271.6,Y,27.0,ppm,=,,27.0,27,CORE,ARM40M,1279
8440823,120511,271.5,271.6,Zn,95.0,ppm,=,,95.0,95,CORE,ARM40M,1280
8440823,120511,271.5,271.6,Zr,19.5,ppm,=,,19.5,19.5,CORE,ARM40M,1281
8440823,120512,274.5,274.6,Ag,0.3,ppm,=,,0.3,0.3,CORE,ARM40M,1282
8440823,120512,274.5,274.6,As,1.5,ppm,=,,1.5,1.5,CORE,ARM40M,1283
8440823,120512,274.5,274.6,Au,4.0,ppb,=,,4.0,4,CORE,ARM40M,1284
8440823,120512,274.5,274.6,Ba,25.0,ppm,=,,25.0,25,CORE,ARM40M,1285
8440823,120512,274.5,274.6,Bi,0.2,ppm,=,,0.2,0.2,CORE,ARM40M,1286
8440823,120512,274.5,274.6,Cd,,ppm,<,0.1,-0.1,<0.1,CORE,ARM40M,1287
8440823,120512,274.5,274.6,Ce,60.0,ppm,=,,60.0,60,CORE,ARM40M,1288
8440823,120512,274.5,274.6,Co,38.0,ppm,=,,38.0,38,CORE,ARM40M,1289
8440823,120512,274.5,274.6,Cs,0.9,ppm,=,,0.9,0.9,CORE,ARM40M,1290
8440823,120512,274.5,274.6,Cu,37.0,ppm,=,,37.0,37,CORE,ARM40M,1291
8440823,120512,274.5,274.6,Dy,,ppm,<,10.0,-10.0,<10,CORE,ARM40M,1292
8440823,120512,274.5,274.6,Er,,ppm,<,10.0,-10.0,<10,CORE,ARM40M,1293
8440823,120512,274.5,274.6,Eu,,ppm,<,2.0,-2.0,<2,CORE,ARM40M,1294
8440823,120512,274.5,274.6,Ga,11.5,ppm,=,,11.5,11.5,CORE,ARM40M,1295
8440823,120512,274.5,274.6,Gd,5.0,ppm,=,,5.0,5,CORE,ARM40M,1296
8440823,120512,274.5,274.6,Hg,,ppm,<,0.5,-0.5,<0.5,CORE,ARM40M,1297
8440823,120512,274.5,274.6,Ho,,ppm,<,5.0,-5.0,<5,CORE,ARM40M,1298
8440823,120512,274.5,274.6,In,,ppm,<,0.5,-0.5,<0.5,CORE,ARM40M,1299
8440823,120512,274.5,274.6,La,28.5,ppm,=,,28.5,28.5,CORE,ARM40M,1300
8440823,120512,274.5,274.6,Lu,,ppm,<,5.0,-5.0,<5,CORE,ARM40M,1301
8440823,120512,274.5,274.6,Mo,1.0,ppm,=,,1.0,1,CORE,ARM40M,1302
8440823,120512,274.5,274.6,Nd,20.0,ppm,=,,20.0,20,CORE,ARM40M,1303
8440823,120512,274.5,274.6,Ni,17.0,ppm,=,,17.0,17,CORE,ARM40M,1304
8440823,120512,274.5,274.6,Pb,8.0,ppm,=,,8.0,8,CORE,ARM40,1305
8440823,120512,274.5,274.6,Pr,,ppm,<,5.0,-5.0,<5,CORE,ARM40M,1306
8440823,120512,274.5,274.6,Pt,,ppb,<,0.01,-0.01,<0.01,CORE,ARM40M,1307
8440823,120512,274.5,274.6,Rb,3.9,ppm,=,,3.9,3.9,CORE,ARM40M,1308
8440823,120512,274.5,274.6,Ru,,ppm,<,5.0,-5.0,<5,CORE,ARM40M,1309
8440823,120512,274.5,274.6,Sb,,ppm,<,0.1,-0.1,<0.1,CORE,ARM40M,1310
8440823,120512,274.5,274.6,Sc,13.5,ppm,=,,13.5,13.5,CORE,ARM40M,1311
8440823,120512,274.5,274.6,Se,,ppm,<,0.5,-0.5,<0.5,CORE,ARM40M,1312
8440823,120512,274.5,274.6,Sm,,ppm,<,10.0,-10.0,<10,CORE,ARM40M,1313
8440823,120512,274.5,274.6,Sn,2.0,ppm,=,,2.0,2,CORE,ARM40M,1314
8440823,120512,274.5,274.6,Sr,26.0,ppm,=,,26.0,26,CORE,ARM40M,1315
8440823,120512,274.5,274.6,Tb,,ppm,<,5.0,-5.0,<5,CORE,ARM40M,1316
8440823,120512,274.5,274.6,Te,,ppm,<,0.2,-0.2,<0.2,CORE,ARM40M,1317
8440823,120512,274.5,274.6,Th,9.0,ppm,=,,9.0,9,CORE,ARM40M,1318
8440823,120512,274.5,274.6,Tl,0.1,ppm,=,,0.1,0.1,CORE,ARM40M,1319
8440823,120512,274.5,274.6,Tm,,ppm,<,5.0,-5.0,<5,CORE,ARM40M,1320
8440823,120512,274.5,274.6,U,1.4,ppm,=,,1.4,1.4,CORE,ARM40M,1321
8440823,120512,274.5,274.6,W,,ppm,<,0.5,-0.5,<0.5,CORE,ARM40M,1322
8440823,120512,274.5,274.6,Y,29.5,ppm,=,,29.5,29.5,CORE,ARM40M,1323
8440823,120512,274.5,274.6,Zn,155.0,ppm,=,,155.0,155,CORE,ARM40M,1324
8440823,120512,274.5,274.6,Zr,29.5,ppm,=,,29.5,29.5,CORE,ARM40M,1325
8440823,120513,284.5,284.6,Ag,1.0,ppm,=,,1.0,1,CORE,ARM40M,1326
8440823,120513,284.5,284.6,As,,ppm,<,0.5,-0.5,<0.5,CORE,ARM40M,1327
8440823,120513,284.5,284.6,Au,3.0,ppb,=,,3.0,3,CORE,ARM40M,1328
8440823,120513,284.5,284.6,Ba,18.0,ppm,=,,18.0,18,CORE,ARM40M,1329
8440823,120513,284.5,284.6,Bi,0.1,ppm,=,,0.1,0.1,CORE,ARM40M,1330
8440823,120513,284.5,284.6,Cd,,ppm,<,0.1,-0.1,<0.1,CORE,ARM40M,1331
8440823,120513,284.5,284.6,Ce,46.0,ppm,=,,46.0,46,CORE,ARM40M,1332
8440823,120513,284.5,284.6,Co,30.5,ppm,=,,30.5,30.5,CORE,ARM40M,1333
8440823,120513,284.5,284.6,Cs,0.2,ppm,=,,0.2,0.2,CORE,ARM40M,1334
8440823,120513,284.5,284.6,Cu,70.0,ppm,=,,70.0,70,CORE,ARM40M,1335
8440823,120513,284.5,284.6,Dy,,ppm,<,10.0,-10.0,<10,CORE,ARM40M,1336
8440823,120513,284.5,284.6,Er,,ppm,<,10.0,-10.0,<10,CORE,ARM40M,1337
8440823,120513,284.5,284.6,Eu,,ppm,<,2.0,-2.0,<2,CORE,ARM40M,1338
8440823,120513,284.5,284.6,Ga,14.5,ppm,=,,14.5,14.5,CORE,ARM40M,1339
8440823,120513,284.5,284.6,Gd,,ppm,<,5.0,-5.0,<5,CORE,ARM40M,1340
8440823,120513,284.5,284.6,Hg,,ppm,<,0.5,-0.5,<0.5,CORE,ARM40M,1341
8440823,120513,284.5,284.6,Ho,,ppm,<,5.0,-5.0,<5,CORE,ARM40M,1342
8440823,120513,284.5,284.6,In,,ppm,<,0.5,-0.5,<0.5,CORE,ARM40M,1343
8440823,120513,284.5,284.6,La,21.5,ppm,=,,21.5,21.5,CORE,ARM40M,1344
8440823,120513,284.5,284.6,Lu,,ppm,<,5.0,-5.0,<5,CORE,ARM40M,1345
8440823,120513,284.5,284.6,Mo,0.8,ppm,=,,0.8,0.8,CORE,ARM40M,1346
8440823,120513,284.5,284.6,Nd,15.0,ppm,=,,15.0,15,CORE,ARM40M,1347
8440823,120513,284.5,284.6,Ni,36.0,ppm,=,,36.0,36,CORE,ARM40M,1348
8440823,120513,284.5,284.6,Pb,3.0,ppm,=,,3.0,3,CORE,ARM40,1349
8440823,120513,284.5,284.6,Pr,,ppm,<,5.0,-5.0,<5,CORE,ARM40M,1350
8440823,120513,284.5,284.6,Pt,,ppb,<,0.01,-0.01,<0.01,CORE,ARM40M,1351
8440823,120513,284.5,284.6,Rb,3.7,ppm,=,,3.7,3.7,CORE,ARM40M,1352
8440823,120513,284.5,284.6,Ru,,ppm,<,5.0,-5.0,<5,CORE,ARM40M,1353
8440823,120513,284.5,284.6,Sb,,ppm,<,0.1,-0.1,<0.1,CORE,ARM40M,1354
8440823,120513,284.5,284.6,Sc,20.5,ppm,=,,20.5,20.5,CORE,ARM40M,1355
8440823,120513,284.5,284.6,Se,,ppm,<,0.5,-0.5,<0.5,CORE,ARM40M,1356
8440823,120513,284.5,284.6,Sm,,ppm,<,10.0,-10.0,<10,CORE,ARM40M,1357
8440823,120513,284.5,284.6,Sn,2.0,ppm,=,,2.0,2,CORE,ARM40M,1358
8440823,120513,284.5,284.6,Sr,25.0,ppm,=,,25.0,25,CORE,ARM40M,1359
8440823,120513,284.5,284.6,Tb,,ppm,<,5.0,-5.0,<5,CORE,ARM40M,1360
8440823,120513,284.5,284.6,Te,,ppm,<,0.2,-0.2,<0.2,CORE,ARM40M,1361
8440823,120513,284.5,284.6,Th,7.5,ppm,=,,7.5,7.5,CORE,ARM40M,1362
8440823,120513,284.5,284.6,Tl,,ppm,<,0.1,-0.1,<0.1,CORE,ARM40M,1363
8440823,120513,284.5,284.6,Tm,,ppm,<,5.0,-5.0,<5,CORE,ARM40M,1364
8440823,120513,284.5,284.6,U,1.6,ppm,=,,1.6,1.6,CORE,ARM40M,1365
8440823,120513,284.5,284.6,W,,ppm,<,0.5,-0.5,<0.5,CORE,ARM40M,1366
8440823,120513,284.5,284.6,Y,21.5,ppm,=,,21.5,21.5,CORE,ARM40M,1367
8440823,120513,284.5,284.6,Zn,85.0,ppm,=,,85.0,85,CORE,ARM40M,1368
8440823,120513,284.5,284.6,Zr,17.5,ppm,=,,17.5,17.5,CORE,ARM40M,1369
8440823,120514,289.5,289.6,Ag,0.15,ppm,=,,0.15,0.15,CORE,ARM40M,1370
8440823,120514,289.5,289.6,As,,ppm,<,0.5,-0.5,<0.5,CORE,ARM40M,1371
8440823,120514,289.5,289.6,Au,2.0,ppb,=,,2.0,2,CORE,ARM40M,1372
8440823,120514,289.5,289.6,Ba,25.0,ppm,=,,25.0,25,CORE,ARM40M,1373
8440823,120514,289.5,289.6,Bi,,ppm,<,0.1,-0.1,<0.1,CORE,ARM40M,1374
8440823,120514,289.5,289.6,Cd,,ppm,<,0.1,-0.1,<0.1,CORE,ARM40M,1375
8440823,120514,289.5,289.6,Ce,43.0,ppm,=,,43.0,43,CORE,ARM40M,1376
8440823,120514,289.5,289.6,Co,28.0,ppm,=,,28.0,28,CORE,ARM40M,1377
8440823,120514,289.5,289.6,Cs,0.2,ppm,=,,0.2,0.2,CORE,ARM40M,1378
8440823,120514,289.5,289.6,Cu,115.0,ppm,=,,115.0,115,CORE,ARM40M,1379
8440823,120514,289.5,289.6,Dy,,ppm,<,10.0,-10.0,<10,CORE,ARM40M,1380
8440823,120514,289.5,289.6,Er,,ppm,<,10.0,-10.0,<10,CORE,ARM40M,1381
8440823,120514,289.5,289.6,Eu,,ppm,<,2.0,-2.0,<2,CORE,ARM40M,1382
8440823,120514,289.5,289.6,Ga,11.5,ppm,=,,11.5,11.5,CORE,ARM40M,1383
8440823,120514,289.5,289.6,Gd,5.0,ppm,=,,5.0,5,CORE,ARM40M,1384
8440823,120514,289.5,289.6,Hg,,ppm,<,0.5,-0.5,<0.5,CORE,ARM40M,1385
8440823,120514,289.5,289.6,Ho,,ppm,<,5.0,-5.0,<5,CORE,ARM40M,1386
8440823,120514,289.5,289.6,In,,ppm,<,0.5,-0.5,<0.5,CORE,ARM40M,1387
8440823,120514,289.5,289.6,La,20.0,ppm,=,,20.0,20,CORE,ARM40M,1388
8440823,120514,289.5,289.6,Lu,,ppm,<,5.0,-5.0,<5,CORE,ARM40M,1389
8440823,120514,289.5,289.6,Mo,0.6,ppm,=,,0.6,0.6,CORE,ARM40M,1390
8440823,120514,289.5,289.6,Nd,15.0,ppm,=,,15.0,15,CORE,ARM40M,1391
8440823,120514,289.5,289.6,Ni,33.0,ppm,=,,33.0,33,CORE,ARM40M,1392
8440823,120514,289.5,289.6,Pb,3.5,ppm,=,,3.5,3.5,CORE,ARM40,1393
8440823,120514,289.5,289.6,Pr,,ppm,<,5.0,-5.0,<5,CORE,ARM40M,1394
8440823,120514,289.5,289.6,Pt,,ppb,<,0.01,-0.01,<0.01,CORE,ARM40M,1395
8440823,120514,289.5,289.6,Rb,5.5,ppm,=,,5.5,5.5,CORE,ARM40M,1396
8440823,120514,289.5,289.6,Ru,,ppm,<,5.0,-5.0,<5,CORE,ARM40M,1397
8440823,120514,289.5,289.6,Sb,,ppm,<,0.1,-0.1,<0.1,CORE,ARM40M,1398
8440823,120514,289.5,289.6,Sc,13.5,ppm,=,,13.5,13.5,CORE,ARM40M,1399
8440823,120514,289.5,289.6,Se,,ppm,<,0.5,-0.5,<0.5,CORE,ARM40M,1400
8440823,120514,289.5,289.6,Sm,,ppm,<,10.0,-10.0,<10,CORE,ARM40M,1401
8440823,120514,289.5,289.6,Sn,2.0,ppm,=,,2.0,2,CORE,ARM40M,1402
8440823,120514,289.5,289.6,Sr,25.0,ppm,=,,25.0,25,CORE,ARM40M,1403
8440823,120514,289.5,289.6,Tb,,ppm,<,5.0,-5.0,<5,CORE,ARM40M,1404
8440823,120514,289.5,289.6,Te,,ppm,<,0.2,-0.2,<0.2,CORE,ARM40M,1405
8440823,120514,289.5,289.6,Th,8.0,ppm,=,,8.0,8,CORE,ARM40M,1406
8440823,120514,289.5,289.6,Tl,,ppm,<,0.1,-0.1,<0.1,CORE,ARM40M,1407
8440823,120514,289.5,289.6,Tm,,ppm,<,5.0,-5.0,<5,CORE,ARM40M,1408
8440823,120514,289.5,289.6,U,1.55,ppm,=,,1.55,1.55,CORE,ARM40M,1409
8440823,120514,289.5,289.6,W,,ppm,<,0.5,-0.5,<0.5,CORE,ARM40M,1410
8440823,120514,289.5,289.6,Y,21.5,ppm,=,,21.5,21.5,CORE,ARM40M,1411
8440823,120514,289.5,289.6,Zn,95.0,ppm,=,,95.0,95,CORE,ARM40M,1412
8440823,120514,289.5,289.6,Zr,22.0,ppm,=,,22.0,22,CORE,ARM40M,1413
8440823,120515,294.5,294.6,Ag,0.05,ppm,=,,0.05,0.05,CORE,ARM40M,1414
8440823,120515,294.5,294.6,As,,ppm,<,0.5,-0.5,<0.5,CORE,ARM40M,1415
8440823,120515,294.5,294.6,Au,2.0,ppb,=,,2.0,2,CORE,ARM40M,1416
8440823,120515,294.5,294.6,Ba,20.0,ppm,=,,20.0,20,CORE,ARM40M,1417
8440823,120515,294.5,294.6,Bi,,ppm,<,0.1,-0.1,<0.1,CORE,ARM40M,1418
8440823,120515,294.5,294.6,Cd,,ppm,<,0.1,-0.1,<0.1,CORE,ARM40M,1419
8440823,120515,294.5,294.6,Ce,44.0,ppm,=,,44.0,44,CORE,ARM40M,1420
8440823,120515,294.5,294.6,Co,27.5,ppm,=,,27.5,27.5,CORE,ARM40M,1421
8440823,120515,294.5,294.6,Cs,0.3,ppm,=,,0.3,0.3,CORE,ARM40M,1422
8440823,120515,294.5,294.6,Cu,65.0,ppm,=,,65.0,65,CORE,ARM40M,1423
8440823,120515,294.5,294.6,Dy,,ppm,<,10.0,-10.0,<10,CORE,ARM40M,1424
8440823,120515,294.5,294.6,Er,,ppm,<,10.0,-10.0,<10,CORE,ARM40M,1425
8440823,120515,294.5,294.6,Eu,,ppm,<,2.0,-2.0,<2,CORE,ARM40M,1426
8440823,120515,294.5,294.6,Ga,9.5,ppm,=,,9.5,9.5,CORE,ARM40M,1427
8440823,120515,294.5,294.6,Gd,5.0,ppm,=,,5.0,5,CORE,ARM40M,1428
8440823,120515,294.5,294.6,Hg,,ppm,<,0.5,-0.5,<0.5,CORE,ARM40M,1429
8440823,120515,294.5,294.6,Ho,,ppm,<,5.0,-5.0,<5,CORE,ARM40M,1430
8440823,120515,294.5,294.6,In,,ppm,<,0.5,-0.5,<0.5,CORE,ARM40M,1431
8440823,120515,294.5,294.6,La,20.5,ppm,=,,20.5,20.5,CORE,ARM40M,1432
8440823,120515,294.5,294.6,Lu,,ppm,<,5.0,-5.0,<5,CORE,ARM40M,1433
8440823,120515,294.5,294.6,Mo,0.6,ppm,=,,0.6,0.6,CORE,ARM40M,1434
8440823,120515,294.5,294.6,Nd,20.0,ppm,=,,20.0,20,CORE,ARM40M,1435
8440823,120515,294.5,294.6,Ni,33.0,ppm,=,,33.0,33,CORE,ARM40M,1436
8440823,120515,294.5,294.6,Pb,4.5,ppm,=,,4.5,4.5,CORE,ARM40,1437
8440823,120515,294.5,294.6,Pr,,ppm,<,5.0,-5.0,<5,CORE,ARM40M,1438
8440823,120515,294.5,294.6,Pt,,ppb,<,0.01,-0.01,<0.01,CORE,ARM40M,1439
8440823,120515,294.5,294.6,Rb,4.2,ppm,=,,4.2,4.2,CORE,ARM40M,1440
8440823,120515,294.5,294.6,Ru,,ppm,<,5.0,-5.0,<5,CORE,ARM40M,1441
8440823,120515,294.5,294.6,Sb,,ppm,<,0.1,-0.1,<0.1,CORE,ARM40M,1442
8440823,120515,294.5,294.6,Sc,8.0,ppm,=,,8.0,8,CORE,ARM40M,1443
8440823,120515,294.5,294.6,Se,,ppm,<,0.5,-0.5,<0.5,CORE,ARM40M,1444
8440823,120515,294.5,294.6,Sm,,ppm,<,10.0,-10.0,<10,CORE,ARM40M,1445
8440823,120515,294.5,294.6,Sn,2.0,ppm,=,,2.0,2,CORE,ARM40M,1446
8440823,120515,294.5,294.6,Sr,28.0,ppm,=,,28.0,28,CORE,ARM40M,1447
8440823,120515,294.5,294.6,Tb,,ppm,<,5.0,-5.0,<5,CORE,ARM40M,1448
8440823,120515,294.5,294.6,Te,,ppm,<,0.2,-0.2,<0.2,CORE,ARM40M,1449
8440823,120515,294.5,294.6,Th,7.5,ppm,=,,7.5,7.5,CORE,ARM40M,1450
8440823,120515,294.5,294.6,Tl,,ppm,<,0.1,-0.1,<0.1,CORE,ARM40M,1451
8440823,120515,294.5,294.6,Tm,,ppm,<,5.0,-5.0,<5,CORE,ARM40M,1452
8440823,120515,294.5,294.6,U,1.65,ppm,=,,1.65,1.65,CORE,ARM40M,1453
8440823,120515,294.5,294.6,W,,ppm,<,0.5,-0.5,<0.5,CORE,ARM40M,1454
8440823,120515,294.5,294.6,Y,19.5,ppm,=,,19.5,19.5,CORE,ARM40M,1455
8440823,120515,294.5,294.6,Zn,90.0,ppm,=,,90.0,90,CORE,ARM40M,1456
8440823,120515,294.5,294.6,Zr,21.0,ppm,=,,21.0,21,CORE,ARM40M,1457
8440823,120516,299.5,299.6,Ag,0.1,ppm,=,,0.1,0.1,CORE,ARM40M,1458
8440823,120516,299.5,299.6,As,,ppm,<,0.5,-0.5,<0.5,CORE,ARM40M,1459
8440823,120516,299.5,299.6,Au,2.0,ppb,=,,2.0,2,CORE,ARM40M,1460
8440823,120516,299.5,299.6,Ba,24.0,ppm,=,,24.0,24,CORE,ARM40M,1461
8440823,120516,299.5,299.6,Bi,,ppm,<,0.1,-0.1,<0.1,CORE,ARM40M,1462
8440823,120516,299.5,299.6,Cd,,ppm,<,0.1,-0.1,<0.1,CORE,ARM40M,1463
8440823,120516,299.5,299.6,Ce,46.5,ppm,=,,46.5,46.5,CORE,ARM40M,1464
8440823,120516,299.5,299.6,Co,27.0,ppm,=,,27.0,27,CORE,ARM40M,1465
8440823,120516,299.5,299.6,Cs,0.4,ppm,=,,0.4,0.4,CORE,ARM40M,1466
8440823,120516,299.5,299.6,Cu,70.0,ppm,=,,70.0,70,CORE,ARM40M,1467
8440823,120516,299.5,299.6,Dy,,ppm,<,10.0,-10.0,<10,CORE,ARM40M,1468
8440823,120516,299.5,299.6,Er,,ppm,<,10.0,-10.0,<10,CORE,ARM40M,1469
8440823,120516,299.5,299.6,Eu,,ppm,<,2.0,-2.0,<2,CORE,ARM40M,1470
8440823,120516,299.5,299.6,Ga,9.0,ppm,=,,9.0,9,CORE,ARM40M,1471
8440823,120516,299.5,299.6,Gd,,ppm,<,5.0,-5.0,<5,CORE,ARM40M,1472
8440823,120516,299.5,299.6,Hg,,ppm,<,0.5,-0.5,<0.5,CORE,ARM40M,1473
8440823,120516,299.5,299.6,Ho,,ppm,<,5.0,-5.0,<5,CORE,ARM40M,1474
8440823,120516,299.5,299.6,In,,ppm,<,0.5,-0.5,<0.5,CORE,ARM40M,1475
8440823,120516,299.5,299.6,La,21.0,ppm,=,,21.0,21,CORE,ARM40M,1476
8440823,120516,299.5,299.6,Lu,,ppm,<,5.0,-5.0,<5,CORE,ARM40M,1477
8440823,120516,299.5,299.6,Mo,0.6,ppm,=,,0.6,0.6,CORE,ARM40M,1478
8440823,120516,299.5,299.6,Nd,20.0,ppm,=,,20.0,20,CORE,ARM40M,1479
8440823,120516,299.5,299.6,Ni,32.0,ppm,=,,32.0,32,CORE,ARM40M,1480
8440823,120516,299.5,299.6,Pb,11.5,ppm,=,,11.5,11.5,CORE,ARM40,1481
8440823,120516,299.5,299.6,Pr,,ppm,<,5.0,-5.0,<5,CORE,ARM40M,1482
8440823,120516,299.5,299.6,Pt,,ppb,<,0.01,-0.01,<0.01,CORE,ARM40M,1483
8440823,120516,299.5,299.6,Rb,5.5,ppm,=,,5.5,5.5,CORE,ARM40M,1484
8440823,120516,299.5,299.6,Ru,,ppm,<,5.0,-5.0,<5,CORE,ARM40M,1485
8440823,120516,299.5,299.6,Sb,,ppm,<,0.1,-0.1,<0.1,CORE,ARM40M,1486
8440823,120516,299.5,299.6,Sc,7.0,ppm,=,,7.0,7,CORE,ARM40M,1487
8440823,120516,299.5,299.6,Se,,ppm,<,0.5,-0.5,<0.5,CORE,ARM40M,1488
8440823,120516,299.5,299.6,Sm,,ppm,<,10.0,-10.0,<10,CORE,ARM40M,1489
8440823,120516,299.5,299.6,Sn,2.0,ppm,=,,2.0,2,CORE,ARM40M,1490
8440823,120516,299.5,299.6,Sr,36.0,ppm,=,,36.0,36,CORE,ARM40M,1491
8440823,120516,299.5,299.6,Tb,,ppm,<,5.0,-5.0,<5,CORE,ARM40M,1492
8440823,120516,299.5,299.6,Te,,ppm,<,0.2,-0.2,<0.2,CORE,ARM40M,1493
8440823,120516,299.5,299.6,Th,9.0,ppm,=,,9.0,9,CORE,ARM40M,1494
8440823,120516,299.5,299.6,Tl,,ppm,<,0.1,-0.1,<0.1,CORE,ARM40M,1495
8440823,120516,299.5,299.6,Tm,,ppm,<,5.0,-5.0,<5,CORE,ARM40M,1496
8440823,120516,299.5,299.6,U,1.7,ppm,=,,1.7,1.7,CORE,ARM40M,1497
8440823,120516,299.5,299.6,W,,ppm,<,0.5,-0.5,<0.5,CORE,ARM40M,1498
8440823,120516,299.5,299.6,Y,19.5,ppm,=,,19.5,19.5,CORE,ARM40M,1499
8440823,120516,299.5,299.6,Zn,80.0,ppm,=,,80.0,80,CORE,ARM40M,1500
8440823,120516,299.5,299.6,Zr,19.0,ppm,=,,19.0,19,CORE,ARM40M,1501
8440823,120517,304.5,304.6,Ag,0.1,ppm,=,,0.1,0.1,CORE,ARM40M,1502
8440823,120517,304.5,304.6,As,,ppm,<,0.5,-0.5,<0.5,CORE,ARM40M,1503
8440823,120517,304.5,304.6,Au,2.0,ppb,=,,2.0,2,CORE,ARM40M,1504
8440823,120517,304.5,304.6,Ba,21.0,ppm,=,,21.0,21,CORE,ARM40M,1505
8440823,120517,304.5,304.6,Bi,,ppm,<,0.1,-0.1,<0.1,CORE,ARM40M,1506
8440823,120517,304.5,304.6,Cd,,ppm,<,0.1,-0.1,<0.1,CORE,ARM40M,1507
8440823,120517,304.5,304.6,Ce,44.0,ppm,=,,44.0,44,CORE,ARM40M,1508
8440823,120517,304.5,304.6,Co,24.5,ppm,=,,24.5,24.5,CORE,ARM40M,1509
8440823,120517,304.5,304.6,Cs,0.4,ppm,=,,0.4,0.4,CORE,ARM40M,1510
8440823,120517,304.5,304.6,Cu,60.0,ppm,=,,60.0,60,CORE,ARM40M,1511
8440823,120517,304.5,304.6,Dy,,ppm,<,10.0,-10.0,<10,CORE,ARM40M,1512
8440823,120517,304.5,304.6,Er,,ppm,<,10.0,-10.0,<10,CORE,ARM40M,1513
8440823,120517,304.5,304.6,Eu,,ppm,<,2.0,-2.0,<2,CORE,ARM40M,1514
8440823,120517,304.5,304.6,Ga,8.0,ppm,=,,8.0,8,CORE,ARM40M,1515
8440823,120517,304.5,304.6,Gd,,ppm,<,5.0,-5.0,<5,CORE,ARM40M,1516
8440823,120517,304.5,304.6,Hg,,ppm,<,0.5,-0.5,<0.5,CORE,ARM40M,1517
8440823,120517,304.5,304.6,Ho,,ppm,<,5.0,-5.0,<5,CORE,ARM40M,1518
8440823,120517,304.5,304.6,In,,ppm,<,0.5,-0.5,<0.5,CORE,ARM40M,1519
8440823,120517,304.5,304.6,La,20.0,ppm,=,,20.0,20,CORE,ARM40M,1520
8440823,120517,304.5,304.6,Lu,,ppm,<,5.0,-5.0,<5,CORE,ARM40M,1521
8440823,120517,304.5,304.6,Mo,0.6,ppm,=,,0.6,0.6,CORE,ARM40M,1522
8440823,120517,304.5,304.6,Nd,15.0,ppm,=,,15.0,15,CORE,ARM40M,1523
8440823,120517,304.5,304.6,Ni,30.0,ppm,=,,30.0,30,CORE,ARM40M,1524
8440823,120517,304.5,304.6,Pb,2.0,ppm,=,,2.0,2,CORE,ARM40,1525
8440823,120517,304.5,304.6,Pr,,ppm,<,5.0,-5.0,<5,CORE,ARM40M,1526
8440823,120517,304.5,304.6,Pt,,ppb,<,0.01,-0.01,<0.01,CORE,ARM40M,1527
8440823,120517,304.5,304.6,Rb,2.6,ppm,=,,2.6,2.6,CORE,ARM40M,1528
8440823,120517,304.5,304.6,Ru,,ppm,<,5.0,-5.0,<5,CORE,ARM40M,1529
8440823,120517,304.5,304.6,Sb,,ppm,<,0.1,-0.1,<0.1,CORE,ARM40M,1530
8440823,120517,304.5,304.6,Sc,7.5,ppm,=,,7.5,7.5,CORE,ARM40M,1531
8440823,120517,304.5,304.6,Se,,ppm,<,0.5,-0.5,<0.5,CORE,ARM40M,1532
8440823,120517,304.5,304.6,Sm,,ppm,<,10.0,-10.0,<10,CORE,ARM40M,1533
8440823,120517,304.5,304.6,Sn,1.0,ppm,=,,1.0,1,CORE,ARM40M,1534
8440823,120517,304.5,304.6,Sr,48.0,ppm,=,,48.0,48,CORE,ARM40M,1535
8440823,120517,304.5,304.6,Tb,,ppm,<,5.0,-5.0,<5,CORE,ARM40M,1536
8440823,120517,304.5,304.6,Te,,ppm,<,0.2,-0.2,<0.2,CORE,ARM40M,1537
8440823,120517,304.5,304.6,Th,9.5,ppm,=,,9.5,9.5,CORE,ARM40M,1538
8440823,120517,304.5,304.6,Tl,,ppm,<,0.1,-0.1,<0.1,CORE,ARM40M,1539
8440823,120517,304.5,304.6,Tm,,ppm,<,5.0,-5.0,<5,CORE,ARM40M,1540
8440823,120517,304.5,304.6,U,1.65,ppm,=,,1.65,1.65,CORE,ARM40M,1541
8440823,120517,304.5,304.6,W,,ppm,<,0.5,-0.5,<0.5,CORE,ARM40M,1542
8440823,120517,304.5,304.6,Y,20.0,ppm,=,,20.0,20,CORE,ARM40M,1543
8440823,120517,304.5,304.6,Zn,60.0,ppm,=,,60.0,60,CORE,ARM40M,1544
8440823,120517,304.5,304.6,Zr,20.0,ppm,=,,20.0,20,CORE,ARM40M,1545
8440823,120518,309.5,309.6,Ag,0.25,ppm,=,,0.25,0.25,CORE,ARM40M,1546
8440823,120518,309.5,309.6,As,,ppm,<,0.5,-0.5,<0.5,CORE,ARM40M,1547
8440823,120518,309.5,309.6,Au,2.0,ppb,=,,2.0,2,CORE,ARM40M,1548
8440823,120518,309.5,309.6,Ba,26.0,ppm,=,,26.0,26,CORE,ARM40M,1549
8440823,120518,309.5,309.6,Bi,,ppm,<,0.1,-0.1,<0.1,CORE,ARM40M,1550
8440823,120518,309.5,309.6,Cd,,ppm,<,0.1,-0.1,<0.1,CORE,ARM40M,1551
8440823,120518,309.5,309.6,Ce,42.5,ppm,=,,42.5,42.5,CORE,ARM40M,1552
8440823,120518,309.5,309.6,Co,25.0,ppm,=,,25.0,25,CORE,ARM40M,1553
8440823,120518,309.5,309.6,Cs,0.5,ppm,=,,0.5,0.5,CORE,ARM40M,1554
8440823,120518,309.5,309.6,Cu,46.0,ppm,=,,46.0,46,CORE,ARM40M,1555
8440823,120518,309.5,309.6,Dy,,ppm,<,10.0,-10.0,<10,CORE,ARM40M,1556
8440823,120518,309.5,309.6,Er,,ppm,<,10.0,-10.0,<10,CORE,ARM40M,1557
8440823,120518,309.5,309.6,Eu,,ppm,<,2.0,-2.0,<2,CORE,ARM40M,1558
8440823,120518,309.5,309.6,Ga,9.0,ppm,=,,9.0,9,CORE,ARM40M,1559
8440823,120518,309.5,309.6,Gd,,ppm,<,5.0,-5.0,<5,CORE,ARM40M,1560
8440823,120518,309.5,309.6,Hg,,ppm,<,0.5,-0.5,<0.5,CORE,ARM40M,1561
8440823,120518,309.5,309.6,Ho,,ppm,<,5.0,-5.0,<5,CORE,ARM40M,1562
8440823,120518,309.5,309.6,In,,ppm,<,0.5,-0.5,<0.5,CORE,ARM40M,1563
8440823,120518,309.5,309.6,La,20.0,ppm,=,,20.0,20,CORE,ARM40M,1564
8440823,120518,309.5,309.6,Lu,,ppm,<,5.0,-5.0,<5,CORE,ARM40M,1565
8440823,120518,309.5,309.6,Mo,0.6,ppm,=,,0.6,0.6,CORE,ARM40M,1566
8440823,120518,309.5,309.6,Nd,15.0,ppm,=,,15.0,15,CORE,ARM40M,1567
8440823,120518,309.5,309.6,Ni,31.0,ppm,=,,31.0,31,CORE,ARM40M,1568
8440823,120518,309.5,309.6,Pb,1.5,ppm,=,,1.5,1.5,CORE,ARM40,1569
8440823,120518,309.5,309.6,Pr,,ppm,<,5.0,-5.0,<5,CORE,ARM40M,1570
8440823,120518,309.5,309.6,Pt,,ppb,<,0.01,-0.01,<0.01,CORE,ARM40M,1571
8440823,120518,309.5,309.6,Rb,3.2,ppm,=,,3.2,3.2,CORE,ARM40M,1572
8440823,120518,309.5,309.6,Ru,,ppm,<,5.0,-5.0,<5,CORE,ARM40M,1573
8440823,120518,309.5,309.6,Sb,,ppm,<,0.1,-0.1,<0.1,CORE,ARM40M,1574
8440823,120518,309.5,309.6,Sc,7.0,ppm,=,,7.0,7,CORE,ARM40M,1575
8440823,120518,309.5,309.6,Se,,ppm,<,0.5,-0.5,<0.5,CORE,ARM40M,1576
8440823,120518,309.5,309.6,Sm,,ppm,<,10.0,-10.0,<10,CORE,ARM40M,1577
8440823,120518,309.5,309.6,Sn,1.0,ppm,=,,1.0,1,CORE,ARM40M,1578
8440823,120518,309.5,309.6,Sr,55.0,ppm,=,,55.0,55,CORE,ARM40M,1579
8440823,120518,309.5,309.6,Tb,,ppm,<,5.0,-5.0,<5,CORE,ARM40M,1580
8440823,120518,309.5,309.6,Te,,ppm,<,0.2,-0.2,<0.2,CORE,ARM40M,1581
8440823,120518,309.5,309.6,Th,9.0,ppm,=,,9.0,9,CORE,ARM40M,1582
8440823,120518,309.5,309.6,Tl,,ppm,<,0.1,-0.1,<0.1,CORE,ARM40M,1583
8440823,120518,309.5,309.6,Tm,,ppm,<,5.0,-5.0,<5,CORE,ARM40M,1584
8440823,120518,309.5,309.6,U,1.65,ppm,=,,1.65,1.65,CORE,ARM40M,1585
8440823,120518,309.5,309.6,W,,ppm,<,0.5,-0.5,<0.5,CORE,ARM40M,1586
8440823,120518,309.5,309.6,Y,18.5,ppm,=,,18.5,18.5,CORE,ARM40M,1587
8440823,120518,309.5,309.6,Zn,55.0,ppm,=,,55.0,55,CORE,ARM40M,1588
8440823,120518,309.5,309.6,Zr,13.5,ppm,=,,13.5,13.5,CORE,ARM40M,1589
8440823,120519,314.5,314.6,Ag,0.1,ppm,=,,0.1,0.1,CORE,ARM40M,1590
8440823,120519,314.5,314.6,As,,ppm,<,0.5,-0.5,<0.5,CORE,ARM40M,1591
8440823,120519,314.5,314.6,Au,,ppb,<,1.0,-1.0,<1,CORE,ARM40M,1592
8440823,120519,314.5,314.6,Ba,17.0,ppm,=,,17.0,17,CORE,ARM40M,1593
8440823,120519,314.5,314.6,Bi,,ppm,<,0.1,-0.1,<0.1,CORE,ARM40M,1594
8440823,120519,314.5,314.6,Cd,,ppm,<,0.1,-0.1,<0.1,CORE,ARM40M,1595
8440823,120519,314.5,314.6,Ce,36.5,ppm,=,,36.5,36.5,CORE,ARM40M,1596
8440823,120519,314.5,314.6,Co,22.5,ppm,=,,22.5,22.5,CORE,ARM40M,1597
8440823,120519,314.5,314.6,Cs,0.7,ppm,=,,0.7,0.7,CORE,ARM40M,1598
8440823,120519,314.5,314.6,Cu,29.0,ppm,=,,29.0,29,CORE,ARM40M,1599
8440823,120519,314.5,314.6,Dy,,ppm,<,10.0,-10.0,<10,CORE,ARM40M,1600
8440823,120519,314.5,314.6,Er,,ppm,<,10.0,-10.0,<10,CORE,ARM40M,1601
8440823,120519,314.5,314.6,Eu,,ppm,<,2.0,-2.0,<2,CORE,ARM40M,1602
8440823,120519,314.5,314.6,Ga,7.5,ppm,=,,7.5,7.5,CORE,ARM40M,1603
8440823,120519,314.5,314.6,Gd,,ppm,<,5.0,-5.0,<5,CORE,ARM40M,1604
8440823,120519,314.5,314.6,Hg,,ppm,<,0.5,-0.5,<0.5,CORE,ARM40M,1605
8440823,120519,314.5,314.6,Ho,,ppm,<,5.0,-5.0,<5,CORE,ARM40M,1606
8440823,120519,314.5,314.6,In,,ppm,<,0.5,-0.5,<0.5,CORE,ARM40M,1607
8440823,120519,314.5,314.6,La,17.5,ppm,=,,17.5,17.5,CORE,ARM40M,1608
8440823,120519,314.5,314.6,Lu,,ppm,<,5.0,-5.0,<5,CORE,ARM40M,1609
8440823,120519,314.5,314.6,Mo,0.4,ppm,=,,0.4,0.4,CORE,ARM40M,1610
8440823,120519,314.5,314.6,Nd,15.0,ppm,=,,15.0,15,CORE,ARM40M,1611
8440823,120519,314.5,314.6,Ni,29.0,ppm,=,,29.0,29,CORE,ARM40M,1612
8440823,120519,314.5,314.6,Pb,1.5,ppm,=,,1.5,1.5,CORE,ARM40,1613
8440823,120519,314.5,314.6,Pr,,ppm,<,5.0,-5.0,<5,CORE,ARM40M,1614
8440823,120519,314.5,314.6,Pt,,ppb,<,0.01,-0.01,<0.01,CORE,ARM40M,1615
8440823,120519,314.5,314.6,Rb,2.8,ppm,=,,2.8,2.8,CORE,ARM40M,1616
8440823,120519,314.5,314.6,Ru,,ppm,<,5.0,-5.0,<5,CORE,ARM40M,1617
8440823,120519,314.5,314.6,Sb,,ppm,<,0.1,-0.1,<0.1,CORE,ARM40M,1618
8440823,120519,314.5,314.6,Sc,5.0,ppm,=,,5.0,5,CORE,ARM40M,1619
8440823,120519,314.5,314.6,Se,,ppm,<,0.5,-0.5,<0.5,CORE,ARM40M,1620
8440823,120519,314.5,314.6,Sm,,ppm,<,10.0,-10.0,<10,CORE,ARM40M,1621
8440823,120519,314.5,314.6,Sn,1.0,ppm,=,,1.0,1,CORE,ARM40M,1622
8440823,120519,314.5,314.6,Sr,31.0,ppm,=,,31.0,31,CORE,ARM40M,1623
8440823,120519,314.5,314.6,Tb,,ppm,<,5.0,-5.0,<5,CORE,ARM40M,1624
8440823,120519,314.5,314.6,Te,,ppm,<,0.2,-0.2,<0.2,CORE,ARM40M,1625
8440823,120519,314.5,314.6,Th,7.5,ppm,=,,7.5,7.5,CORE,ARM40M,1626
8440823,120519,314.5,314.6,Tl,,ppm,<,0.1,-0.1,<0.1,CORE,ARM40M,1627
8440823,120519,314.5,314.6,Tm,,ppm,<,5.0,-5.0,<5,CORE,ARM40M,1628
8440823,120519,314.5,314.6,U,1.4,ppm,=,,1.4,1.4,CORE,ARM40M,1629
8440823,120519,314.5,314.6,W,,ppm,<,0.5,-0.5,<0.5,CORE,ARM40M,1630
8440823,120519,314.5,314.6,Y,15.0,ppm,=,,15.0,15,CORE,ARM40M,1631
8440823,120519,314.5,314.6,Zn,55.0,ppm,=,,55.0,55,CORE,ARM40M,1632
8440823,120519,314.5,314.6,Zr,6.0,ppm,=,,6.0,6,CORE,ARM40M,1633
8440823,120520,319.5,319.6,Ag,0.2,ppm,=,,0.2,0.2,CORE,ARM40M,1634
8440823,120520,319.5,319.6,As,,ppm,<,0.5,-0.5,<0.5,CORE,ARM40M,1635
8440823,120520,319.5,319.6,Au,1.0,ppb,=,,1.0,1,CORE,ARM40M,1636
8440823,120520,319.5,319.6,Ba,31.0,ppm,=,,31.0,31,CORE,ARM40M,1637
8440823,120520,319.5,319.6,Bi,,ppm,<,0.1,-0.1,<0.1,CORE,ARM40M,1638
8440823,120520,319.5,319.6,Cd,,ppm,<,0.1,-0.1,<0.1,CORE,ARM40M,1639
8440823,120520,319.5,319.6,Ce,40.0,ppm,=,,40.0,40,CORE,ARM40M,1640
8440823,120520,319.5,319.6,Co,22.0,ppm,=,,22.0,22,CORE,ARM40M,1641
8440823,120520,319.5,319.6,Cs,0.5,ppm,=,,0.5,0.5,CORE,ARM40M,1642
8440823,120520,319.5,319.6,Cu,24.0,ppm,=,,24.0,24,CORE,ARM40M,1643
8440823,120520,319.5,319.6,Dy,,ppm,<,10.0,-10.0,<10,CORE,ARM40M,1644
8440823,120520,319.5,319.6,Er,,ppm,<,10.0,-10.0,<10,CORE,ARM40M,1645
8440823,120520,319.5,319.6,Eu,,ppm,<,2.0,-2.0,<2,CORE,ARM40M,1646
8440823,120520,319.5,319.6,Ga,8.5,ppm,=,,8.5,8.5,CORE,ARM40M,1647
8440823,120520,319.5,319.6,Gd,,ppm,<,5.0,-5.0,<5,CORE,ARM40M,1648
8440823,120520,319.5,319.6,Hg,,ppm,<,0.5,-0.5,<0.5,CORE,ARM40M,1649
8440823,120520,319.5,319.6,Ho,,ppm,<,5.0,-5.0,<5,CORE,ARM40M,1650
8440823,120520,319.5,319.6,In,,ppm,<,0.5,-0.5,<0.5,CORE,ARM40M,1651
8440823,120520,319.5,319.6,La,19.0,ppm,=,,19.0,19,CORE,ARM40M,1652
8440823,120520,319.5,319.6,Lu,,ppm,<,5.0,-5.0,<5,CORE,ARM40M,1653
8440823,120520,319.5,319.6,Mo,0.6,ppm,=,,0.6,0.6,CORE,ARM40M,1654
8440823,120520,319.5,319.6,Nd,15.0,ppm,=,,15.0,15,CORE,ARM40M,1655
8440823,120520,319.5,319.6,Ni,30.0,ppm,=,,30.0,30,CORE,ARM40M,1656
8440823,120520,319.5,319.6,Pb,2.0,ppm,=,,2.0,2,CORE,ARM40,1657
8440823,120520,319.5,319.6,Pr,,ppm,<,5.0,-5.0,<5,CORE,ARM40M,1658
8440823,120520,319.5,319.6,Pt,,ppb,<,0.01,-0.01,<0.01,CORE,ARM40M,1659
8440823,120520,319.5,319.6,Rb,4.0,ppm,=,,4.0,4,CORE,ARM40M,1660
8440823,120520,319.5,319.6,Ru,,ppm,<,5.0,-5.0,<5,CORE,ARM40M,1661
8440823,120520,319.5,319.6,Sb,,ppm,<,0.1,-0.1,<0.1,CORE,ARM40M,1662
8440823,120520,319.5,319.6,Sc,6.5,ppm,=,,6.5,6.5,CORE,ARM40M,1663
8440823,120520,319.5,319.6,Se,,ppm,<,0.5,-0.5,<0.5,CORE,ARM40M,1664
8440823,120520,319.5,319.6,Sm,,ppm,<,10.0,-10.0,<10,CORE,ARM40M,1665
8440823,120520,319.5,319.6,Sn,1.0,ppm,=,,1.0,1,CORE,ARM40M,1666
8440823,120520,319.5,319.6,Sr,55.0,ppm,=,,55.0,55,CORE,ARM40M,1667
8440823,120520,319.5,319.6,Tb,,ppm,<,5.0,-5.0,<5,CORE,ARM40M,1668
8440823,120520,319.5,319.6,Te,,ppm,<,0.2,-0.2,<0.2,CORE,ARM40M,1669
8440823,120520,319.5,319.6,Th,8.5,ppm,=,,8.5,8.5,CORE,ARM40M,1670
8440823,120520,319.5,319.6,Tl,,ppm,<,0.1,-0.1,<0.1,CORE,ARM40M,1671
8440823,120520,319.5,319.6,Tm,,ppm,<,5.0,-5.0,<5,CORE,ARM40M,1672
8440823,120520,319.5,319.6,U,1.5,ppm,=,,1.5,1.5,CORE,ARM40M,1673
8440823,120520,319.5,319.6,W,,ppm,<,0.5,-0.5,<0.5,CORE,ARM40M,1674
8440823,120520,319.5,319.6,Y,14.5,ppm,=,,14.5,14.5,CORE,ARM40M,1675
8440823,120520,319.5,319.6,Zn,49.0,ppm,=,,49.0,49,CORE,ARM40M,1676
8440823,120520,319.5,319.6,Zr,11.5,ppm,=,,11.5,11.5,CORE,ARM40M,1677
8440823,120521,324.5,324.6,Ag,0.2,ppm,=,,0.2,0.2,CORE,ARM40M,1678
8440823,120521,324.5,324.6,As,,ppm,<,0.5,-0.5,<0.5,CORE,ARM40M,1679
8440823,120521,324.5,324.6,Au,1.0,ppb,=,,1.0,1,CORE,ARM40M,1680
8440823,120521,324.5,324.6,Ba,31.0,ppm,=,,31.0,31,CORE,ARM40M,1681
8440823,120521,324.5,324.6,Bi,,ppm,<,0.1,-0.1,<0.1,CORE,ARM40M,1682
8440823,120521,324.5,324.6,Cd,0.4,ppm,=,,0.4,0.4,CORE,ARM40M,1683
8440823,120521,324.5,324.6,Ce,46.0,ppm,=,,46.0,46,CORE,ARM40M,1684
8440823,120521,324.5,324.6,Co,22.0,ppm,=,,22.0,22,CORE,ARM40M,1685
8440823,120521,324.5,324.6,Cs,0.5,ppm,=,,0.5,0.5,CORE,ARM40M,1686
8440823,120521,324.5,324.6,Cu,27.0,ppm,=,,27.0,27,CORE,ARM40M,1687
8440823,120521,324.5,324.6,Dy,,ppm,<,10.0,-10.0,<10,CORE,ARM40M,1688
8440823,120521,324.5,324.6,Er,,ppm,<,10.0,-10.0,<10,CORE,ARM40M,1689
8440823,120521,324.5,324.6,Eu,,ppm,<,2.0,-2.0,<2,CORE,ARM40M,1690
8440823,120521,324.5,324.6,Ga,9.0,ppm,=,,9.0,9,CORE,ARM40M,1691
8440823,120521,324.5,324.6,Gd,,ppm,<,5.0,-5.0,<5,CORE,ARM40M,1692
8440823,120521,324.5,324.6,Hg,,ppm,<,0.5,-0.5,<0.5,CORE,ARM40M,1693
8440823,120521,324.5,324.6,Ho,,ppm,<,5.0,-5.0,<5,CORE,ARM40M,1694
8440823,120521,324.5,324.6,In,,ppm,<,0.5,-0.5,<0.5,CORE,ARM40M,1695
8440823,120521,324.5,324.6,La,22.0,ppm,=,,22.0,22,CORE,ARM40M,1696
8440823,120521,324.5,324.6,Lu,,ppm,<,5.0,-5.0,<5,CORE,ARM40M,1697
8440823,120521,324.5,324.6,Mo,0.8,ppm,=,,0.8,0.8,CORE,ARM40M,1698
8440823,120521,324.5,324.6,Nd,15.0,ppm,=,,15.0,15,CORE,ARM40M,1699
8440823,120521,324.5,324.6,Ni,31.0,ppm,=,,31.0,31,CORE,ARM40M,1700
8440823,120521,324.5,324.6,Pb,4.5,ppm,=,,4.5,4.5,CORE,ARM40,1701
8440823,120521,324.5,324.6,Pr,,ppm,<,5.0,-5.0,<5,CORE,ARM40M,1702
8440823,120521,324.5,324.6,Pt,,ppb,<,0.01,-0.01,<0.01,CORE,ARM40M,1703
8440823,120521,324.5,324.6,Rb,3.3,ppm,=,,3.3,3.3,CORE,ARM40M,1704
8440823,120521,324.5,324.6,Ru,,ppm,<,5.0,-5.0,<5,CORE,ARM40M,1705
8440823,120521,324.5,324.6,Sb,,ppm,<,0.1,-0.1,<0.1,CORE,ARM40M,1706
8440823,120521,324.5,324.6,Sc,10.5,ppm,=,,10.5,10.5,CORE,ARM40M,1707
8440823,120521,324.5,324.6,Se,,ppm,<,0.5,-0.5,<0.5,CORE,ARM40M,1708
8440823,120521,324.5,324.6,Sm,,ppm,<,10.0,-10.0,<10,CORE,ARM40M,1709
8440823,120521,324.5,324.6,Sn,1.0,ppm,=,,1.0,1,CORE,ARM40M,1710
8440823,120521,324.5,324.6,Sr,70.0,ppm,=,,70.0,70,CORE,ARM40M,1711
8440823,120521,324.5,324.6,Tb,,ppm,<,5.0,-5.0,<5,CORE,ARM40M,1712
8440823,120521,324.5,324.6,Te,,ppm,<,0.2,-0.2,<0.2,CORE,ARM40M,1713
8440823,120521,324.5,324.6,Th,9.5,ppm,=,,9.5,9.5,CORE,ARM40M,1714
8440823,120521,324.5,324.6,Tl,,ppm,<,0.1,-0.1,<0.1,CORE,ARM40M,1715
8440823,120521,324.5,324.6,Tm,,ppm,<,5.0,-5.0,<5,CORE,ARM40M,1716
8440823,120521,324.5,324.6,U,1.6,ppm,=,,1.6,1.6,CORE,ARM40M,1717
8440823,120521,324.5,324.6,W,,ppm,<,0.5,-0.5,<0.5,CORE,ARM40M,1718
8440823,120521,324.5,324.6,Y,17.0,ppm,=,,17.0,17,CORE,ARM40M,1719
8440823,120521,324.5,324.6,Zn,55.0,ppm,=,,55.0,55,CORE,ARM40M,1720
8440823,120521,324.5,324.6,Zr,1.0,ppm,=,,1.0,1,CORE,ARM40M,1721
8440823,120522,327.5,327.6,Ag,0.5,ppm,=,,0.5,0.5,CORE,ARM40M,1722
8440823,120522,327.5,327.6,As,0.5,ppm,=,,0.5,0.5,CORE,ARM40M,1723
8440823,120522,327.5,327.6,Au,1.0,ppb,=,,1.0,1,CORE,ARM40M,1724
8440823,120522,327.5,327.6,Ba,34.0,ppm,=,,34.0,34,CORE,ARM40M,1725
8440823,120522,327.5,327.6,Bi,,ppm,<,0.1,-0.1,<0.1,CORE,ARM40M,1726
8440823,120522,327.5,327.6,Cd,0.2,ppm,=,,0.2,0.2,CORE,ARM40M,1727
8440823,120522,327.5,327.6,Ce,49.5,ppm,=,,49.5,49.5,CORE,ARM40M,1728
8440823,120522,327.5,327.6,Co,24.5,ppm,=,,24.5,24.5,CORE,ARM40M,1729
8440823,120522,327.5,327.6,Cs,0.9,ppm,=,,0.9,0.9,CORE,ARM40M,1730
8440823,120522,327.5,327.6,Cu,50.0,ppm,=,,50.0,50,CORE,ARM40M,1731
8440823,120522,327.5,327.6,Dy,,ppm,<,10.0,-10.0,<10,CORE,ARM40M,1732
8440823,120522,327.5,327.6,Er,,ppm,<,10.0,-10.0,<10,CORE,ARM40M,1733
8440823,120522,327.5,327.6,Eu,,ppm,<,2.0,-2.0,<2,CORE,ARM40M,1734
8440823,120522,327.5,327.6,Ga,10.0,ppm,=,,10.0,10,CORE,ARM40M,1735
8440823,120522,327.5,327.6,Gd,,ppm,<,5.0,-5.0,<5,CORE,ARM40M,1736
8440823,120522,327.5,327.6,Hg,,ppm,<,0.5,-0.5,<0.5,CORE,ARM40M,1737
8440823,120522,327.5,327.6,Ho,,ppm,<,5.0,-5.0,<5,CORE,ARM40M,1738
8440823,120522,327.5,327.6,In,,ppm,<,0.5,-0.5,<0.5,CORE,ARM40M,1739
8440823,120522,327.5,327.6,La,23.5,ppm,=,,23.5,23.5,CORE,ARM40M,1740
8440823,120522,327.5,327.6,Lu,,ppm,<,5.0,-5.0,<5,CORE,ARM40M,1741
8440823,120522,327.5,327.6,Mo,1.0,ppm,=,,1.0,1,CORE,ARM40M,1742
8440823,120522,327.5,327.6,Nd,20.0,ppm,=,,20.0,20,CORE,ARM40M,1743
8440823,120522,327.5,327.6,Ni,31.0,ppm,=,,31.0,31,CORE,ARM40M,1744
8440823,120522,327.5,327.6,Pb,2.5,ppm,=,,2.5,2.5,CORE,ARM40,1745
8440823,120522,327.5,327.6,Pr,,ppm,<,5.0,-5.0,<5,CORE,ARM40M,1746
8440823,120522,327.5,327.6,Pt,,ppb,<,0.01,-0.01,<0.01,CORE,ARM40M,1747
8440823,120522,327.5,327.6,Rb,4.3,ppm,=,,4.3,4.3,CORE,ARM40M,1748
8440823,120522,327.5,327.6,Ru,,ppm,<,5.0,-5.0,<5,CORE,ARM40M,1749
8440823,120522,327.5,327.6,Sb,,ppm,<,0.1,-0.1,<0.1,CORE,ARM40M,1750
8440823,120522,327.5,327.6,Sc,16.0,ppm,=,,16.0,16,CORE,ARM40M,1751
8440823,120522,327.5,327.6,Se,,ppm,<,0.5,-0.5,<0.5,CORE,ARM40M,1752
8440823,120522,327.5,327.6,Sm,,ppm,<,10.0,-10.0,<10,CORE,ARM40M,1753
8440823,120522,327.5,327.6,Sn,1.0,ppm,=,,1.0,1,CORE,ARM40M,1754
8440823,120522,327.5,327.6,Sr,80.0,ppm,=,,80.0,80,CORE,ARM40M,1755
8440823,120522,327.5,327.6,Tb,,ppm,<,5.0,-5.0,<5,CORE,ARM40M,1756
8440823,120522,327.5,327.6,Te,,ppm,<,0.2,-0.2,<0.2,CORE,ARM40M,1757
8440823,120522,327.5,327.6,Th,9.0,ppm,=,,9.0,9,CORE,ARM40M,1758
8440823,120522,327.5,327.6,Tl,,ppm,<,0.1,-0.1,<0.1,CORE,ARM40M,1759
8440823,120522,327.5,327.6,Tm,,ppm,<,5.0,-5.0,<5,CORE,ARM40M,1760
8440823,120522,327.5,327.6,U,1.6,ppm,=,,1.6,1.6,CORE,ARM40M,1761
8440823,120522,327.5,327.6,W,,ppm,<,0.5,-0.5,<0.5,CORE,ARM40M,1762
8440823,120522,327.5,327.6,Y,18.0,ppm,=,,18.0,18,CORE,ARM40M,1763
8440823,120522,327.5,327.6,Zn,75.0,ppm,=,,75.0,75,CORE,ARM40M,1764
8440823,120522,327.5,327.6,Zr,0.5,ppm,=,,0.5,0.5,CORE,ARM40M,1765
8440823,120523,248.81,249.14,Ag,,ppm,<,0.05,-0.05,<0.05,CORE,ARM40M,1766
8440823,120523,248.81,249.14,As,1.5,ppm,=,,1.5,1.5,CORE,ARM40M,1767
8440823,120523,248.81,249.14,Au,2.0,ppb,=,,2.0,2,CORE,ARM40M,1768
8440823,120523,248.81,249.14,Bi,0.3,ppm,=,,0.3,0.3,CORE,ARM40M,1769
8440823,120523,248.81,249.14,Co,32.0,ppm,=,,32.0,32,CORE,ARM40M,1770
8440823,120523,248.81,249.14,Cu,18.0,ppm,=,,18.0,18,CORE,ARM40M,1771
8440823,120523,248.81,249.14,Mo,0.6,ppm,=,,0.6,0.6,CORE,ARM40M,1772
8440823,120523,248.81,249.14,Pb,3.0,ppm,=,,3.0,3,CORE,ARM40,1773
8440823,120523,248.81,249.14,Sb,,ppm,<,0.1,-0.1,<0.1,CORE,ARM40M,1774
8440823,120523,248.81,249.14,Se,,ppm,<,0.5,-0.5,<0.5,CORE,ARM40M,1775
8440823,120523,248.81,249.14,U,2.0,ppm,=,,2.0,2,CORE,ARM40M,1776
8440823,120523,248.81,249.14,Zn,19.0,ppm,=,,19.0,19,CORE,ARM40M,1777
8440823,120524,259.9,260.5,Ag,0.05,ppm,=,,0.05,0.05,CORE,ARM40M,1778
8440823,120524,259.9,260.5,As,,ppm,<,0.5,-0.5,<0.5,CORE,ARM40M,1779
8440823,120524,259.9,260.5,Au,2.0,ppb,=,,2.0,2,CORE,ARM40M,1780
8440823,120524,259.9,260.5,Bi,,ppm,<,0.1,-0.1,<0.1,CORE,ARM40M,1781
8440823,120524,259.9,260.5,Co,33.5,ppm,=,,33.5,33.5,CORE,ARM40M,1782
8440823,120524,259.9,260.5,Cu,34.0,ppm,=,,34.0,34,CORE,ARM40M,1783
8440823,120524,259.9,260.5,Mo,0.8,ppm,=,,0.8,0.8,CORE,ARM40M,1784
8440823,120524,259.9,260.5,Pb,4.0,ppm,=,,4.0,4,CORE,ARM40,1785
8440823,120524,259.9,260.5,Sb,,ppm,<,0.1,-0.1,<0.1,CORE,ARM40M,1786
8440823,120524,259.9,260.5,Se,,ppm,<,0.5,-0.5,<0.5,CORE,ARM40M,1787
8440823,120524,259.9,260.5,U,1.9,ppm,=,,1.9,1.9,CORE,ARM40M,1788
8440823,120524,259.9,260.5,Zn,30.0,ppm,=,,30.0,30,CORE,ARM40M,1789
8440823,120661,327.5,327.6,Ag,0.4,ppm,=,,0.4,0.4,CORE,ARM40M,1790
8440823,120661,327.5,327.6,As,1.0,ppm,=,,1.0,1,CORE,ARM40M,1791
8440823,120661,327.5,327.6,Au,1.0,ppb,=,,1.0,1,CORE,ARM40M,1792
8440823,120661,327.5,327.6,Ba,29.0,ppm,=,,29.0,29,CORE,ARM40M,1793
8440823,120661,327.5,327.6,Bi,,ppm,<,0.1,-0.1,<0.1,CORE,ARM40M,1794
8440823,120661,327.5,327.6,Cd,0.3,ppm,=,,0.3,0.3,CORE,ARM40M,1795
8440823,120661,327.5,327.6,Ce,44.5,ppm,=,,44.5,44.5,CORE,ARM40M,1796
8440823,120661,327.5,327.6,Co,22.5,ppm,=,,22.5,22.5,CORE,ARM40M,1797
8440823,120661,327.5,327.6,Cs,0.8,ppm,=,,0.8,0.8,CORE,ARM40M,1798
8440823,120661,327.5,327.6,Cu,46.0,ppm,=,,46.0,46,CORE,ARM40M,1799
8440823,120661,327.5,327.6,Dy,,ppm,<,10.0,-10.0,<10,CORE,ARM40M,1800
8440823,120661,327.5,327.6,Er,,ppm,<,10.0,-10.0,<10,CORE,ARM40M,1801
8440823,120661,327.5,327.6,Eu,,ppm,<,2.0,-2.0,<2,CORE,ARM40M,1802
8440823,120661,327.5,327.6,Ga,9.0,ppm,=,,9.0,9,CORE,ARM40M,1803
8440823,120661,327.5,327.6,Gd,,ppm,<,5.0,-5.0,<5,CORE,ARM40M,1804
8440823,120661,327.5,327.6,Hg,,ppm,<,0.5,-0.5,<0.5,CORE,ARM40M,1805
8440823,120661,327.5,327.6,Ho,,ppm,<,5.0,-5.0,<5,CORE,ARM40M,1806
8440823,120661,327.5,327.6,In,,ppm,<,0.5,-0.5,<0.5,CORE,ARM40M,1807
8440823,120661,327.5,327.6,La,21.0,ppm,=,,21.0,21,CORE,ARM40M,1808
8440823,120661,327.5,327.6,Lu,,ppm,<,5.0,-5.0,<5,CORE,ARM40M,1809
8440823,120661,327.5,327.6,Mo,0.8,ppm,=,,0.8,0.8,CORE,ARM40M,1810
8440823,120661,327.5,327.6,Nd,15.0,ppm,=,,15.0,15,CORE,ARM40M,1811
8440823,120661,327.5,327.6,Ni,29.0,ppm,=,,29.0,29,CORE,ARM40M,1812
8440823,120661,327.5,327.6,Pb,3.5,ppm,=,,3.5,3.5,CORE,ARM40,1813
8440823,120661,327.5,327.6,Pr,,ppm,<,5.0,-5.0,<5,CORE,ARM40M,1814
8440823,120661,327.5,327.6,Pt,,ppb,<,0.01,-0.01,<0.01,CORE,ARM40M,1815
8440823,120661,327.5,327.6,Rb,3.7,ppm,=,,3.7,3.7,CORE,ARM40M,1816
8440823,120661,327.5,327.6,Ru,,ppm,<,5.0,-5.0,<5,CORE,ARM40M,1817
8440823,120661,327.5,327.6,Sb,,ppm,<,0.1,-0.1,<0.1,CORE,ARM40M,1818
8440823,120661,327.5,327.6,Sc,14.0,ppm,=,,14.0,14,CORE,ARM40M,1819
8440823,120661,327.5,327.6,Se,,ppm,<,0.5,-0.5,<0.5,CORE,ARM40M,1820
8440823,120661,327.5,327.6,Sm,,ppm,<,10.0,-10.0,<10,CORE,ARM40M,1821
8440823,120661,327.5,327.6,Sn,1.0,ppm,=,,1.0,1,CORE,ARM40M,1822
8440823,120661,327.5,327.6,Sr,70.0,ppm,=,,70.0,70,CORE,ARM40M,1823
8440823,120661,327.5,327.6,Tb,,ppm,<,5.0,-5.0,<5,CORE,ARM40M,1824
8440823,120661,327.5,327.6,Te,,ppm,<,0.2,-0.2,<0.2,CORE,ARM40M,1825
8440823,120661,327.5,327.6,Th,8.0,ppm,=,,8.0,8,CORE,ARM40M,1826
8440823,120661,327.5,327.6,Tl,,ppm,<,0.1,-0.1,<0.1,CORE,ARM40M,1827
8440823,120661,327.5,327.6,Tm,,ppm,<,5.0,-5.0,<5,CORE,ARM40M,1828
8440823,120661,327.5,327.6,U,1.4,ppm,=,,1.4,1.4,CORE,ARM40M,1829
8440823,120661,327.5,327.6,W,,ppm,<,0.5,-0.5,<0.5,CORE,ARM40M,1830
8440823,120661,327.5,327.6,Y,16.5,ppm,=,,16.5,16.5,CORE,ARM40M,1831
8440823,120661,327.5,327.6,Zn,70.0,ppm,=,,70.0,70,CORE,ARM40M,1832
8440823,120661,327.5,327.6,Zr,1.5,ppm,=,,1.5,1.5,CORE,ARM40M,1833
8440823,120662,153.0,154.0,Ag,,ppm,<,0.05,-0.05,<0.05,CORE,ARM40M,1834
8440823,120662,153.0,154.0,As,1.0,ppm,=,,1.0,1,CORE,ARM40M,1835
8440823,120662,153.0,154.0,Au,3.0,ppb,=,,3.0,3,CORE,ARM40M,1836
8440823,120662,153.0,154.0,Bi,0.2,ppm,=,,0.2,0.2,CORE,ARM40M,1837
8440823,120662,153.0,154.0,Co,34.5,ppm,=,,34.5,34.5,CORE,ARM40M,1838
8440823,120662,153.0,154.0,Cu,145.0,ppm,=,,145.0,145,CORE,ARM40M,1839
8440823,120662,153.0,154.0,Mo,0.8,ppm,=,,0.8,0.8,CORE,ARM40M,1840
8440823,120662,153.0,154.0,Pb,4.0,ppm,=,,4.0,4,CORE,ARM40,1841
8440823,120662,153.0,154.0,Sb,,ppm,<,0.1,-0.1,<0.1,CORE,ARM40M,1842
8440823,120662,153.0,154.0,Se,,ppm,<,0.5,-0.5,<0.5,CORE,ARM40M,1843
8440823,120662,153.0,154.0,U,1.6,ppm,=,,1.6,1.6,CORE,ARM40M,1844
8440823,120662,153.0,154.0,Zn,100.0,ppm,=,,100.0,100,CORE,ARM40M,1845
8440823,120663,153.0,154.0,Ag,0.05,ppm,=,,0.05,0.05,CORE,ARM40M,1846
8440823,120663,153.0,154.0,As,0.5,ppm,=,,0.5,0.5,CORE,ARM40M,1847
8440823,120663,153.0,154.0,Au,3.0,ppb,=,,3.0,3,CORE,ARM40M,1848
8440823,120663,153.0,154.0,Bi,0.1,ppm,=,,0.1,0.1,CORE,ARM40M,1849
8440823,120663,153.0,154.0,Co,35.5,ppm,=,,35.5,35.5,CORE,ARM40M,1850
8440823,120663,153.0,154.0,Cu,140.0,ppm,=,,140.0,140,CORE,ARM40M,1851
8440823,120663,153.0,154.0,Mo,0.8,ppm,=,,0.8,0.8,CORE,ARM40M,1852
8440823,120663,153.0,154.0,Pb,4.0,ppm,=,,4.0,4,CORE,ARM40,1853
8440823,120663,153.0,154.0,Sb,,ppm,<,0.1,-0.1,<0.1,CORE,ARM40M,1854
8440823,120663,153.0,154.0,Se,,ppm,<,0.5,-0.5,<0.5,CORE,ARM40M,1855
8440823,120663,153.0,154.0,U,1.7,ppm,=,,1.7,1.7,CORE,ARM40M,1856
8440823,120663,153.0,154.0,Zn,105.0,ppm,=,,105.0,105,CORE,ARM40M,1857
8440823,120664,246.13,246.23,Ag,0.05,ppm,=,,0.05,0.05,CORE,ARM40M,1858
8440823,120664,246.13,246.23,As,0.5,ppm,=,,0.5,0.5,CORE,ARM40M,1859
8440823,120664,246.13,246.23,Au,3.0,ppb,=,,3.0,3,CORE,ARM40M,1860
8440823,120664,246.13,246.23,Bi,0.1,ppm,=,,0.1,0.1,CORE,ARM40M,1861
8440823,120664,246.13,246.23,Co,35.5,ppm,=,,35.5,35.5,CORE,ARM40M,1862
8440823,120664,246.13,246.23,Cu,60.0,ppm,=,,60.0,60,CORE,ARM40M,1863
8440823,120664,246.13,246.23,Mo,0.8,ppm,=,,0.8,0.8,CORE,ARM40M,1864
8440823,120664,246.13,246.23,Pb,5.0,ppm,=,,5.0,5,CORE,ARM40,1865
8440823,120664,246.13,246.23,Sb,,ppm,<,0.1,-0.1,<0.1,CORE,ARM40M,1866
8440823,120664,246.13,246.23,Se,,ppm,<,0.5,-0.5,<0.5,CORE,ARM40M,1867
8440823,120664,246.13,246.23,U,1.85,ppm,=,,1.85,1.85,CORE,ARM40M,1868
8440823,120664,246.13,246.23,Zn,105.0,ppm,=,,105.0,105,CORE,ARM40M,1869
8440823,120665,197.54,197.6,Ag,0.05,ppm,=,,0.05,0.05,CORE,ARM40M,1870
8440823,120665,197.54,197.6,As,12.5,ppm,=,,12.5,12.5,CORE,ARM40M,1871
8440823,120665,197.54,197.6,Au,2.0,ppb,=,,2.0,2,CORE,ARM40M,1872
8440823,120665,197.54,197.6,Bi,0.3,ppm,=,,0.3,0.3,CORE,ARM40M,1873
8440823,120665,197.54,197.6,Co,60.0,ppm,=,,60.0,60,CORE,ARM40M,1874
8440823,120665,197.54,197.6,Cu,23.0,ppm,=,,23.0,23,CORE,ARM40M,1875
8440823,120665,197.54,197.6,Mo,1.0,ppm,=,,1.0,1,CORE,ARM40M,1876
8440823,120665,197.54,197.6,Pb,4.5,ppm,=,,4.5,4.5,CORE,ARM40,1877
8440823,120665,197.54,197.6,Sb,,ppm,<,0.1,-0.1,<0.1,CORE,ARM40M,1878
8440823,120665,197.54,197.6,Se,,ppm,<,0.5,-0.5,<0.5,CORE,ARM40M,1879
8440823,120665,197.54,197.6,U,1.8,ppm,=,,1.8,1.8,CORE,ARM40M,1880
8440823,120665,197.54,197.6,Zn,39.0,ppm,=,,39.0,39,CORE,ARM40M,1881
8440823,120666,251.82,252.08,Ag,,ppm,<,0.05,-0.05,<0.05,CORE,ARM40M,1882
8440823,120666,251.82,252.08,As,1.5,ppm,=,,1.5,1.5,CORE,ARM40M,1883
8440823,120666,251.82,252.08,Au,2.0,ppb,=,,2.0,2,CORE,ARM40M,1884
8440823,120666,251.82,252.08,Bi,0.2,ppm,=,,0.2,0.2,CORE,ARM40M,1885
8440823,120666,251.82,252.08,Co,35.5,ppm,=,,35.5,35.5,CORE,ARM40M,1886
8440823,120666,251.82,252.08,Cu,75.0,ppm,=,,75.0,75,CORE,ARM40M,1887
8440823,120666,251.82,252.08,Mo,1.0,ppm,=,,1.0,1,CORE,ARM40M,1888
8440823,120666,251.82,252.08,Pb,3.5,ppm,=,,3.5,3.5,CORE,ARM40,1889
8440823,120666,251.82,252.08,Sb,,ppm,<,0.1,-0.1,<0.1,CORE,ARM40M,1890
8440823,120666,251.82,252.08,Se,,ppm,<,0.5,-0.5,<0.5,CORE,ARM40M,1891
8440823,120666,251.82,252.08,U,1.95,ppm,=,,1.95,1.95,CORE,ARM40M,1892
8440823,120666,251.82,252.08,Zn,65.0,ppm,=,,65.0,65,CORE,ARM40M,1893
